CardCode,CardName,CardType,GroupCode,CmpPrivate,Address,ZipCode,MailAddres,MailZipCod,Phone1,Phone2,Fax,CntctPrsn,Notes,Balance,ChecksBal,DNotesBal,OrdersBal,GroupNum,CreditLine,DebtLine,Discount,VatStatus,LicTradNum,DdctStatus,DdctPrcnt,ValidUntil,Chrctrstcs,ExMatchNum,InMatchNum,ListNum,DNoteBalFC,OrderBalFC,DNoteBalSy,OrderBalSy,Transfered,BalTrnsfrd,IntrstRate,Commission,CommGrCode,Free_Text,SlpCode,PrevYearAc,Currency,RateDifAct,BalanceSys,BalanceFC,Protected,Cellular,AvrageLate,City,County,Country,MailCity,MailCounty,MailCountr,E_Mail,Picture,DflAccount,DflBranch,BankCode,AddID,Pager,FatherCard,CardFName,FatherType,QryGroup1,QryGroup2,QryGroup3,QryGroup4,QryGroup5,QryGroup6,QryGroup7,QryGroup8,QryGroup9,QryGroup10,QryGroup11,QryGroup12,QryGroup13,QryGroup14,QryGroup15,QryGroup16,QryGroup17,QryGroup18,QryGroup19,QryGroup20,QryGroup21,QryGroup22,QryGroup23,QryGroup24,QryGroup25,QryGroup26,QryGroup27,QryGroup28,QryGroup29,QryGroup30,QryGroup31,QryGroup32,QryGroup33,QryGroup34,QryGroup35,QryGroup36,QryGroup37,QryGroup38,QryGroup39,QryGroup40,QryGroup41,QryGroup42,QryGroup43,QryGroup44,QryGroup45,QryGroup46,QryGroup47,QryGroup48,QryGroup49,QryGroup50,QryGroup51,QryGroup52,QryGroup53,QryGroup54,QryGroup55,QryGroup56,QryGroup57,QryGroup58,QryGroup59,QryGroup60,QryGroup61,QryGroup62,QryGroup63,QryGroup64,DdctOffice,CreateDate,UpdateDate,ExportCode,DscntObjct,DscntRel,SPGCounter,SPPCounter,DdctFileNo,SCNCounter,MinIntrst,DataSource,OprCount,ExemptNo,Priority,CreditCard,CrCardNum,CardValid,UserSign,LocMth,validFor,validFrom,validTo,frozenFor,frozenFrom,frozenTo,sEmployed,MTHCounter,BNKCounter,DdgKey,DdtKey,ValidComm,FrozenComm,chainStore,DiscInRet,State1,State2,VatGroup,LogInstanc,ObjType,Indicator,ShipType,DebPayAcct,ShipToDef,Block,MailBlock,Password,ECVatGroup,Deleted,IBAN,DocEntry,FormCode,Box1099,PymCode,BackOrder,PartDelivr,DunnLevel,DunnDate,BlockDunn,BankCountr,CollecAuth,DME,InstrucKey,SinglePaym,ISRBillId,PaymBlock,RefDetails,HouseBank,OwnerIdNum,PyBlckDesc,HousBnkCry,HousBnkAct,HousBnkBrn,ProjectCod,SysMatchNo,VatIdUnCmp,AgentCode,TolrncDays,SelfInvoic,DeferrTax,LetterNum,MaxAmount,FromDate,ToDate,WTLiable,CrtfcateNO,ExpireDate,NINum,AccCritria,WTCode,Equ,HldCode,ConnBP,MltMthNum,TypWTReprt,VATRegNum,RepName,Industry,Business,WTTaxCat,IsDomestic,IsResident,AutoCalBCG,OtrCtlAcct,AliasName,Building,MailBuildi,BoEPrsnt,BoEDiscnt,BoEOnClct,UnpaidBoE,ITWTCode,DunTerm,ChannlBP,DfTcnician,Territory,BillToDef,DpmClear,IntrntSite,LangCode,HousActKey,Profession,CDPNum,DflBankKey,BCACode,UseShpdGd,RegNum,VerifNum,BankCtlKey,HousCtlKey,AddrType,InsurOp347,MailAddrTy,StreetNo,MailStrNo,TaxRndRule,VendTID,ThreshOver,SurOver,VendorOcup,OpCode347,DpmIntAct,ResidenNum,UserSign2,PlngGroup,VatIDNum,Affiliate,MivzExpSts,HierchDdct,CertWHT,CertBKeep,WHShaamGrp,IndustryC,DatevAcct,DatevFirst,GTSRegNum,GTSBankAct,GTSBilAddr,HsBnkSwift,HsBnkIBAN,DflSwift,AutoPost,IntrAcc,FeeAcc,CpnNo,NTSWebSite,DflIBAN,Series,Number,EDocExpFrm,TaxIdIdent,Attachment,AtcEntry,DiscRel,NoDiscount,SCAdjust,DflAgrmnt,GlblLocNum,SenderID,RcpntID,MainUsage,SefazCheck,ChecksBalL,ChecksBalS,DateFrom,DateTill,RelCode,OKATO,OKTMO,KBKCode,TypeOfOp,OwnerCode,MandateID,SignDate,Remark1,ConCerti,TpCusPres,RoleTypCod,BlockComm,EmplymntCt,ExcptnlEvt,ExpnPrfFnd,EdrsFromBP,EdrsToBP,CreateTS,UpdateTS,EDocGenTyp,eStreet,eStreetNum,eBuildnNum,eZipCode,eCityTown,eCountry,eDistrict,RepFName,RepSName,RepCmpName,RepFisCode,RepAddID,PECAddr,IPACodePA,PriceMode,EffecPrice,TxExMxVdTp,MerchantID,UseBilAddr,NaturalPer,DPPStatus,EnAddID,EncryptIV,EnDflAccnt,EnDflIBAN,EnERD4In,EnERD4Out,DflCustomr,TspEntry,TspLine,FCERelevnt,FCEVldte,AggregDoc,EffcAllSrc,EBVatExCau,DataVers,LegalText,VatResDate,VatResCode,EnIBAN,DefaultCur,VatResName,VatResAddr,CertDetail,EORINumber,FCEPmnMean,DefCommDDt,DefCommMon,DefCommDay,ExLettDate,NotRel4MI,EnHBnkAcct,U_DelExcepPrc,U_InBlackList,U_Deligate,U_PriceBy,U_OrderInL,U_LineNo,U_DiscType,U_DlnPerOrdr,U_OldCode,U_Clerck,U_InvPrint,U_InvCopy,U_DlnCopy,U_ProjDueDate,U_UnitNum,U_PrintType,U_LastCEU,U_LstShpDate,U_Debt,U_DaySup,U_yeardest,U_OblDate,U_HisObligo,U_oblDef,U_SentWms,U_ConsWms,U_InvMail,U_AddFile,U_stampexm,U_distTime,U_Dist,U_ExtDate,U_BS_DigIn,U_BS_Email,U_BS_Deliv,U_BS_Scan,U_BS_Suffix,U_BS_StickXpress,U_mergePdf,U_mrDlnInv,U_DiscTran,U_grpMails,U_debtCmmt,U_brchName,U_BS_ExpFile,U_REL_Token,U_REL_ConfNum,U_apprDtls,U_reqStamp,U_StoreApprovalRequird,U_BOY_TB_0,U_BOY_90_IIB,U_BOY_38_BILCUR,U_Mailview,U_EndCustomer,U_IsBtoB,U_IDBtoB,U_Islimited,U_ExternalWhs,U_CreditToken,U_IsAutoDebit,U_ObligoBalance,U_ContractPO
80176,"גלרי נובו -גל בע""מ",S,101,C,ת.ד 125,NULL,בן צבי 12,NULL,074-7190809,חדווה 050-7790710,NULL,NULL,NULL,0.000000,0.000000,0.000000,0.000000,14,0.000000,0.400000,0.000000,Y,513924647,Y,35.000000,NULL,NULL,0,0,1,0.000000,0.000000,0.000000,0.000000,N,N,0.000000,0.000000,0,,-1,N,₪,NULL,0.000000,0.000000,N,NULL,NULL,מודיעין מכבים רעות,NULL,IL,ראשון לציון,NULL,IL,HEDVA@NOVO-GAL.CO.IL,NULL,NULL,NULL,-1,NULL,NULL,NULL,NULL,P,N,N,N,N,N,N,N,N,N,N,N,N,N,N,N,Y,N,N,N,N,N,N,N,N,N,N,N,N,N,N,N,N,N,N,N,N,N,N,N,N,N,N,N,N,N,N,N,N,N,N,N,N,N,N,N,N,N,N,N,N,N,N,N,N,NULL,2011-11-15 00:00:00.000,2025-04-07 00:00:00.000,NULL,52,L,1,13,NULL,NULL,0.000000,O,0,NULL,-1,-1,/aJkEu9+xYoUrzxQe1zMCw==,NULL,0,Y,Y,NULL,NULL,N,NULL,NULL,N,NULL,NULL,1,-1,NULL,NULL,N,N,NULL,NULL,NULL,0,2,NULL,NULL,81000,כתובת לאיסוף,NULL,NULL,NULL,NULL,N,NULL,600,NULL,NULL,100,Y,Y,0,NULL,N,IL,N,NULL,NULL,N,NULL,N,NULL,10,NULL,-1,IL,36020099,707,NULL,-1,NULL,NULL,NULL,NULL,N,NULL,0.000000,NULL,NULL,NULL,NULL,NULL,NULL,N,NULL,N,NULL,NULL,NULL,C,NULL,NULL,,,,Y,Y,N,NULL,,,,NULL,NULL,NULL,NULL,NULL,NULL,NULL,NULL,NULL,Bill to,,NULL,1,1,NULL,NULL,NULL,NULL,N,NULL,NULL,NULL,NULL,NULL,N,NULL,NULL,NULL,D,NULL,N,N,NULL,A,NULL,1,87,NULL,513924647,N,B,N,N,N,1,NULL,NULL,Y,NULL,NULL,NULL,NULL,NULL,NULL,NULL,NULL,NULL,NULL,NULL,NULL,49,NULL,NULL,3,,NULL,L,N,N,NULL,NULL,NULL,NULL,NULL,N,NULL,NULL,NULL,NULL,NULL,NULL,NULL,NULL,NULL,NULL,NULL,NULL,NULL,NULL,9,NULL,N,NULL,NULL,NULL,Y,N,0,93354,NULL,NULL,NULL,NULL,NULL,NULL,NULL,NULL,NULL,NULL,NULL,NULL,NULL,NULL,NULL,NULL,D,I,NULL,N,N,N,NULL,NULL,NULL,NULL,Y,Y,N,NULL,NULL,N,N,N,N,NULL,2,NULL,NULL,NULL,NULL,NULL,NULL,NULL,NULL,NULL,N,NULL,NULL,NULL,NULL,N,NULL,0.000000,N,NULL,O,NULL,NULL,G,N,8221,NULL,2,NULL,NULL,NULL,NULL,NULL,NULL,NULL,NULL,NULL,NULL,NULL,0.000000,0.000000,Y,NULL,NULL,NULL,Y,NULL,NULL,NULL,NULL,NULL,NULL,NULL,NULL,NULL,NULL,NULL,NULL,NULL,NULL,אל גל שיווק .קומ בעמ,NULL,,NULL,NULL,NULL,NULL,N,Y,NULL,NULL,NULL,NULL,NULL,NULL,No,NULL,NULL,NULL,NULL
80331,"Hangzhou Showersun Bathroom Ware Co.,Ltd",S,105,C,Tongyi Village Hezhuang Town,NULL,Tongyi Village Hezhuang Town,NULL,NULL,NULL,014 86 571,Hester,NULL,157721.080000,0.000000,165703.930000,1068398.690000,16,0.000000,0.000000,0.000000,N,NULL,N,0.000000,NULL,NULL,0,0,2,45640.800000,293731.390000,165703.930000,1068398.690000,N,N,0.000000,0.000000,0,ת.ת. 60 יום מתאריך ש.מ.,-1,N,$,,157726.130000,45059.170000,N,NULL,NULL,"Hangzhou, Zhejiang",NULL,CN,"Hangzhou, Zhejiang",NULL,IL,marketing@showersun.com,NULL,201000086776047,NULL,10,NULL,NULL,,NULL,P,N,N,N,N,N,N,N,N,N,N,N,N,N,N,N,Y,N,Y,N,N,N,N,N,N,N,N,N,N,N,N,N,N,N,N,N,N,N,N,N,N,N,N,N,N,N,N,N,N,N,N,N,N,N,N,N,N,N,N,N,N,N,N,N,N,NULL,2012-11-29 00:00:00.000,2025-05-06 00:00:00.000,NULL,-1,L,1,4,NULL,NULL,0.000000,I,0,NULL,-1,-1,dQgvFQRcXrqRAfvqeCxacg==,NULL,46,Y,Y,NULL,NULL,N,NULL,NULL,N,NULL,NULL,-1,-1,NULL,NULL,N,N,,NULL,NULL,0,2,NULL,NULL,82000,Ship to,NULL,NULL,NULL,NULL,N,NULL,6729,NULL,NULL,NULL,Y,Y,0,NULL,N,IL,N,NULL,NULL,N,NULL,N,NULL,10,NULL,-1,IL,36020099,707,NULL,-1,NULL,NULL,NULL,NULL,N,NULL,0.000000,NULL,NULL,NULL,NULL,NULL,NULL,N,NULL,N,NULL,NULL,NULL,C,NULL,NULL,NULL,NULL,NULL,Y,Y,N,NULL,NULL,NULL,NULL,NULL,NULL,NULL,NULL,NULL,NULL,NULL,NULL,NULL,Bill to,,NULL,1,1,NULL,NULL,1,NULL,N,NULL,NULL,NULL,NULL,NULL,N,NULL,NULL,NULL,D,NULL,N,N,NULL,A,NULL,1,164,NULL,330181000068297,N,B,Y,N,N,1,3,NULL,Y,NULL,NULL,NULL,NULL,NULL,ZJRCCN2NXXX,N,NULL,NULL,NULL,NULL,NULL,49,NULL,NULL,3,NULL,NULL,L,N,N,NULL,NULL,NULL,NULL,NULL,N,NULL,NULL,NULL,NULL,NULL,NULL,NULL,NULL,NULL,NULL,NULL,NULL,NULL,NULL,9,NULL,N,NULL,NULL,NULL,Y,N,0,115740,NULL,NULL,NULL,NULL,NULL,NULL,NULL,NULL,NULL,NULL,NULL,NULL,NULL,NULL,NULL,NULL,D,I,NULL,N,N,N,NULL,NULL,NULL,NULL,Y,Y,N,NULL,NULL,N,N,N,N,NULL,283,NULL,NULL,NULL,NULL,NULL,NULL,NULL,NULL,NULL,N,NULL,NULL,NULL,NULL,N,NULL,0.000000,N,NULL,O,NULL,NULL,G,N,8204,NULL,NULL,NULL,NULL,NULL,NULL,NULL,NULL,NULL,NULL,55,NULL,NULL,0.000000,0.000000,Y,NULL,NULL,NULL,Y,NULL,NULL,NULL,NULL,NULL,NULL,NULL,NULL,NULL,NULL,NULL,NULL,NULL,NULL,$-Diamond-hanzhou showersun ba,NULL,,NULL,NULL,NULL,NULL,N,Y,NULL,NULL,NULL,NULL,NULL,NULL,No,NULL,NULL,NULL,NULL
80380,MARCO MAMMOLITI SPA,S,105,C,corso lancieri 27,NULL,NULL,NULL,NULL,39 065 35616,NULL,Donatella,NULL,0.000000,0.000000,0.000000,0.000000,14,0.000000,0.400000,0.000000,N,NULL,N,0.000000,NULL,NULL,0,0,2,0.000000,0.000000,0.000000,0.000000,N,N,0.000000,0.000000,0,ת.ת. 90 יום לפי L/C מש.מ.,-1,N,Eur,,0.200000,-0.060000,N,NULL,NULL,itali,NULL,CH,NULL,NULL,IL,donatella.chiabrera@marcomammoliti.com,NULL,NULL,NULL,NULL,NULL,NULL,,NULL,P,N,N,N,N,N,N,N,N,N,N,N,N,N,N,N,Y,N,N,N,N,N,N,N,N,N,N,N,N,N,N,N,N,N,N,N,N,N,N,N,N,N,N,N,N,N,N,N,N,N,N,N,N,N,N,N,N,N,N,N,N,N,N,N,N,NULL,2013-10-28 00:00:00.000,2018-11-26 00:00:00.000,NULL,-1,L,2,4,NULL,NULL,0.000000,I,0,NULL,-1,-1,dQgvFQRcXrqRAfvqeCxacg==,NULL,46,Y,N,NULL,NULL,Y,NULL,NULL,N,NULL,NULL,-1,-1,NULL,NULL,N,N,NULL,NULL,NULL,0,2,NULL,NULL,82000,NULL,11100 aosta,NULL,NULL,NULL,N,NULL,16630,NULL,NULL,NULL,Y,Y,0,NULL,N,IL,N,NULL,NULL,N,NULL,N,NULL,10,NULL,-1,IL,36020099,707,NULL,-1,NULL,NULL,NULL,NULL,N,NULL,0.000000,NULL,NULL,NULL,NULL,NULL,NULL,N,NULL,N,NULL,NULL,NULL,C,NULL,NULL,NULL,NULL,NULL,Y,Y,N,NULL,NULL,NULL,NULL,NULL,NULL,NULL,NULL,NULL,NULL,NULL,NULL,NULL,Bill to,,NULL,1,1,NULL,NULL,NULL,NULL,N,NULL,NULL,NULL,NULL,NULL,N,NULL,NULL,NULL,D,NULL,N,N,NULL,A,NULL,1,142,NULL,NULL,N,B,Y,N,N,1,NULL,NULL,Y,NULL,NULL,NULL,NULL,NULL,NULL,N,NULL,NULL,NULL,NULL,NULL,49,NULL,NULL,3,NULL,NULL,L,N,N,NULL,NULL,NULL,NULL,NULL,N,NULL,NULL,NULL,NULL,NULL,NULL,NULL,NULL,NULL,NULL,NULL,NULL,NULL,NULL,9,NULL,N,NULL,NULL,NULL,Y,N,0,122802,NULL,NULL,NULL,NULL,NULL,NULL,NULL,NULL,NULL,NULL,NULL,NULL,NULL,NULL,NULL,NULL,D,I,NULL,N,N,N,NULL,NULL,NULL,NULL,Y,Y,N,NULL,NULL,N,N,N,N,NULL,1,NULL,NULL,NULL,NULL,NULL,NULL,NULL,NULL,NULL,N,NULL,NULL,NULL,NULL,N,NULL,25.000000,N,NULL,O,NULL,NULL,G,N,8210,NULL,NULL,NULL,NULL,NULL,NULL,NULL,NULL,NULL,NULL,NULL,NULL,NULL,0.000000,0.000000,Y,NULL,NULL,NULL,Y,NULL,NULL,NULL,NULL,NULL,NULL,NULL,NULL,NULL,NULL,NULL,NULL,NULL,NULL,MARCO MAMMOLITI SPA,NULL,,NULL,NULL,NULL,NULL,N,Y,NULL,NULL,NULL,NULL,NULL,NULL,No,NULL,NULL,NULL,NULL
80074,(TREND) CHAOZHOU,S,105,C,FENGXI,NULL,NULL,NULL,0086-768-2990110,NULL,0086-768-2991886,NULL,NULL,0.000000,0.000000,0.000000,0.000000,4,0.000000,0.000000,0.000000,N,NULL,N,0.000000,NULL,NULL,0,0,2,0.000000,0.000000,0.000000,0.000000,N,N,0.000000,0.000000,0,ת.ת. 30% מראש 70% עם ש.מ.,-1,N,$,NULL,0.000000,0.000000,N,2991588,NULL,NULL,NULL,CH,NULL,NULL,IL,NULL,NULL,NULL,NULL,NULL,NULL,NULL,NULL,NULL,P,N,N,N,N,N,N,N,N,N,N,N,N,N,N,N,Y,N,N,N,N,N,N,N,N,N,N,N,N,N,N,N,N,N,N,N,N,N,N,N,N,N,N,N,N,N,N,N,N,N,N,N,N,N,N,N,N,N,N,N,N,N,N,N,N,NULL,2011-11-15 00:00:00.000,2018-06-22 00:00:00.000,NULL,-1,L,1,4,NULL,NULL,0.000000,O,0,NULL,-1,-1,dQgvFQRcXrqRAfvqeCxacg==,NULL,0,Y,N,NULL,NULL,Y,NULL,NULL,N,NULL,NULL,-1,-1,NULL,NULL,N,N,NULL,NULL,NULL,0,2,NULL,NULL,82000,NULL,NULL,NULL,NULL,NULL,N,NULL,498,NULL,NULL,NULL,Y,Y,NULL,NULL,N,IL,N,NULL,NULL,N,NULL,N,NULL,10,NULL,-1,IL,36020099,707,NULL,-1,NULL,NULL,NULL,NULL,N,NULL,0.000000,NULL,NULL,NULL,NULL,NULL,NULL,N,NULL,N,NULL,NULL,NULL,C,NULL,NULL,,,,Y,Y,N,NULL,,,,NULL,NULL,NULL,NULL,NULL,NULL,NULL,NULL,NULL,Bill to,,NULL,1,1,NULL,NULL,NULL,NULL,N,NULL,NULL,NULL,NULL,NULL,N,NULL,NULL,NULL,D,NULL,N,N,NULL,A,NULL,1,12,NULL,NULL,N,B,Y,N,N,1,NULL,NULL,Y,NULL,NULL,NULL,NULL,NULL,NULL,N,NULL,NULL,NULL,NULL,NULL,49,NULL,NULL,3,,NULL,L,N,N,NULL,NULL,NULL,NULL,NULL,N,NULL,NULL,NULL,NULL,NULL,NULL,NULL,NULL,NULL,NULL,NULL,NULL,NULL,NULL,9,NULL,N,NULL,NULL,NULL,Y,N,0,144501,NULL,NULL,NULL,NULL,NULL,NULL,NULL,NULL,NULL,NULL,NULL,NULL,NULL,NULL,NULL,NULL,D,I,NULL,N,N,N,NULL,NULL,NULL,NULL,Y,Y,N,NULL,NULL,N,N,N,N,NULL,1,NULL,NULL,NULL,NULL,NULL,NULL,NULL,NULL,NULL,N,NULL,NULL,NULL,NULL,N,NULL,0.000000,N,NULL,O,NULL,NULL,G,N,8206,NULL,NULL,NULL,NULL,NULL,NULL,NULL,NULL,NULL,NULL,NULL,NULL,NULL,0.000000,0.000000,Y,NULL,NULL,NULL,Y,NULL,NULL,NULL,NULL,NULL,NULL,NULL,NULL,NULL,NULL,NULL,NULL,NULL,NULL,(TREND) CHAOZHOU,NULL,,NULL,NULL,NULL,NULL,N,Y,NULL,NULL,NULL,NULL,NULL,NULL,No,NULL,NULL,NULL,NULL
80689,Hangzhou Tita Industry Co L.T.D,S,105,C,-,NULL,NULL,NULL,86-571-82565629,NULL,86-571-82820850,פקידת יצוא,NULL,-9691.660000,0.000000,0.000000,32171.090000,20,0.000000,0.000000,0.000000,N,NULL,N,0.000000,NULL,NULL,NULL,NULL,2,0.000000,8595.000000,0.000000,32171.090000,N,N,0.000000,0.000000,0,NULL,-1,N,$,,-9691.660000,-2578.500000,N,13867155818,NULL,HANGZHOU,ZHEJIANG,CN,NULL,NULL,IL,bathroomsale@188.com,NULL,384458363041,NULL,10,NULL,NULL,NULL,NULL,P,N,N,N,N,N,N,N,N,N,N,N,N,N,N,N,N,N,N,N,N,N,N,N,N,N,N,N,N,N,N,N,N,N,N,N,N,N,N,N,N,N,N,N,N,N,N,N,N,N,N,N,N,N,N,N,N,N,N,N,N,N,N,N,N,NULL,2018-11-28 00:00:00.000,2025-03-11 00:00:00.000,NULL,52,L,0,0,NULL,NULL,0.000000,I,NULL,NULL,-1,-1,/aJkEu9+xYoUrzxQe1zMCw==,NULL,12,Y,Y,NULL,NULL,N,NULL,NULL,N,NULL,NULL,-1,-1,NULL,NULL,N,N,,NULL,NULL,0,2,NULL,NULL,81000,NULL,NULL,NULL,NULL,NULL,N,NULL,101615,NULL,NULL,100,Y,Y,0,NULL,N,IL,N,NULL,NULL,N,NULL,N,NULL,10,NULL,-1,IL,0736020099,70711,NULL,-1,NULL,NULL,NULL,NULL,N,NULL,0.000000,NULL,NULL,NULL,NULL,NULL,NULL,N,NULL,N,NULL,NULL,NULL,C,NULL,NULL,NULL,NULL,NULL,Y,Y,N,NULL,NULL,,NULL,NULL,NULL,NULL,NULL,NULL,,NULL,NULL,NULL,OFFICE,NULL,NULL,1,4,NULL,NULL,1,NULL,N,NULL,NULL,NULL,NULL,NULL,N,NULL,NULL,NULL,D,NULL,N,N,NULL,A,NULL,1,12,NULL,NULL,N,B,Y,N,N,1,NULL,NULL,Y,NULL,NULL,NULL,NULL,NULL,BKCHCNBJ910,NULL,NULL,NULL,NULL,NULL,NULL,49,NULL,NULL,3,NULL,NULL,L,N,N,NULL,NULL,NULL,NULL,NULL,N,NULL,NULL,NULL,NULL,NULL,NULL,NULL,NULL,NULL,NULL,NULL,NULL,NULL,NULL,9,NULL,N,NULL,NULL,0.000000,Y,N,173710,171723,NULL,NULL,NULL,NULL,NULL,NULL,NULL,NULL,NULL,NULL,NULL,NULL,NULL,NULL,NULL,NULL,D,I,NULL,N,N,N,NULL,NULL,NULL,NULL,Y,Y,N,NULL,NULL,N,N,N,N,NULL,9,NULL,NULL,NULL,NULL,NULL,NULL,NULL,NULL,NULL,N,NULL,NULL,NULL,NULL,N,NULL,0.000000,N,NULL,O,NULL,NULL,G,N,NULL,NULL,NULL,NULL,NULL,NULL,NULL,NULL,NULL,NULL,NULL,55,0.000000,NULL,0.000000,0.000000,Y,NULL,N,N,Y,NULL,NULL,NULL,N,N,NULL,NULL,NULL,NULL,NULL,NULL,0.000000,NULL,NULL,Hangzhou Tita Industry Co L.T.,N,,NULL,NULL,NULL,N,N,Y,NULL,NULL,NULL,NULL,NULL,NULL,Yes,NULL,NULL,NULL,NULL
80252,"קונספט מטבחים בע""מ",S,101,C,ת.ד 1229,NULL,NULL,NULL,03-9072090,03-9071188,03-9072080,באסם,NULL,0.000000,0.000000,0.000000,0.000000,11,0.000000,0.000000,0.000000,Y,512543943,Y,35.000000,NULL,NULL,0,0,2,0.000000,0.000000,0.000000,0.000000,N,N,0.000000,0.000000,0,,-1,N,₪,NULL,0.000000,0.000000,N,050-5454418,NULL,כפר קאסם,NULL,IL,NULL,NULL,IL,NULL,NULL,NULL,NULL,-1,NULL,NULL,NULL,NULL,P,N,N,N,N,N,N,N,N,N,N,N,N,N,N,N,N,N,N,N,N,N,N,N,N,N,N,N,N,N,N,N,N,N,N,N,N,N,N,N,N,N,N,N,N,N,N,N,N,N,N,N,N,N,N,N,N,N,N,N,N,N,N,N,N,NULL,2011-11-15 00:00:00.000,2025-04-07 00:00:00.000,NULL,52,L,1,4,NULL,NULL,0.000000,O,0,NULL,-1,-1,dQgvFQRcXrqRAfvqeCxacg==,NULL,0,Y,Y,NULL,NULL,N,NULL,NULL,N,NULL,NULL,1,-1,NULL,NULL,N,N,NULL,NULL,NULL,0,2,NULL,NULL,81000,NULL,NULL,NULL,NULL,NULL,N,NULL,676,NULL,NULL,NULL,Y,Y,0,NULL,N,IL,N,NULL,NULL,N,NULL,N,NULL,10,NULL,-1,IL,36020099,707,NULL,-1,NULL,NULL,NULL,NULL,N,NULL,0.000000,NULL,NULL,NULL,NULL,NULL,NULL,N,NULL,N,NULL,NULL,NULL,C,NULL,NULL,,,,Y,Y,N,NULL,,,,NULL,NULL,NULL,NULL,NULL,NULL,NULL,NULL,NULL,Bill to,,NULL,1,1,NULL,NULL,NULL,NULL,N,NULL,NULL,NULL,NULL,NULL,N,NULL,NULL,NULL,D,NULL,N,N,NULL,A,NULL,1,87,NULL,NULL,N,B,N,N,N,1,NULL,NULL,Y,NULL,NULL,NULL,NULL,NULL,NULL,NULL,NULL,NULL,NULL,NULL,NULL,49,NULL,NULL,3,,NULL,L,N,N,NULL,NULL,NULL,NULL,NULL,N,NULL,NULL,NULL,NULL,NULL,NULL,NULL,NULL,NULL,NULL,NULL,NULL,NULL,NULL,9,NULL,N,NULL,NULL,NULL,Y,N,0,93357,NULL,NULL,NULL,NULL,NULL,NULL,NULL,NULL,NULL,NULL,NULL,NULL,NULL,NULL,NULL,NULL,D,I,NULL,N,N,N,NULL,NULL,NULL,NULL,Y,Y,N,NULL,NULL,N,N,N,N,NULL,4,NULL,NULL,NULL,NULL,NULL,NULL,NULL,NULL,NULL,N,NULL,NULL,NULL,NULL,N,NULL,100.000000,N,NULL,O,NULL,NULL,G,N,8026,NULL,NULL,NULL,NULL,NULL,NULL,NULL,NULL,NULL,NULL,NULL,NULL,NULL,0.000000,0.000000,Y,NULL,NULL,NULL,Y,NULL,NULL,NULL,NULL,NULL,NULL,NULL,NULL,NULL,NULL,NULL,NULL,NULL,NULL,"קונספט מטבחים בע""מ",NULL,,NULL,NULL,NULL,NULL,N,Y,NULL,NULL,NULL,NULL,NULL,NULL,No,NULL,NULL,NULL,NULL
80605,"HK PALICI SANITARY WARES CO., LIMITE",S,105,C,NULL,NULL,NULL,NULL,NULL,NULL,NULL,NULL,NULL,-1078.420000,0.000000,0.000000,0.000000,11,0.000000,0.000000,0.000000,N,NULL,N,0.000000,NULL,NULL,NULL,NULL,2,0.000000,0.000000,0.000000,0.000000,N,N,0.000000,0.000000,0,NULL,-1,N,$,,-1078.420000,-22.520000,N,NULL,NULL,NULL,NULL,IL,NULL,NULL,IL,NULL,NULL,NULL,NULL,-1,NULL,NULL,NULL,NULL,P,N,N,N,N,N,N,N,N,N,N,N,N,N,N,N,N,N,N,Y,N,N,N,N,N,N,N,N,N,N,N,N,N,N,N,N,N,N,N,N,N,N,N,N,N,N,N,N,N,N,N,N,N,N,N,N,N,N,N,N,N,N,N,N,N,NULL,2017-01-31 00:00:00.000,2023-10-09 00:00:00.000,NULL,52,L,0,0,NULL,NULL,0.000000,I,0,NULL,-1,-1,/aJkEu9+xYoUrzxQe1zMCw==,NULL,87,Y,N,NULL,NULL,Y,NULL,NULL,N,NULL,NULL,-1,-1,NULL,NULL,N,N,NULL,NULL,NULL,0,2,NULL,NULL,81000,NULL,NULL,NULL,NULL,,N,NULL,61536,NULL,NULL,100,Y,Y,0,NULL,N,IL,N,NULL,NULL,N,NULL,N,NULL,10,NULL,-1,IL,0736020099,70711,NULL,-1,NULL,NULL,NULL,NULL,N,NULL,0.000000,NULL,NULL,NULL,NULL,NULL,NULL,N,NULL,N,NULL,NULL,NULL,C,NULL,NULL,NULL,NULL,NULL,Y,Y,N,NULL,NULL,NULL,NULL,NULL,NULL,NULL,NULL,NULL,,NULL,NULL,NULL,NULL,NULL,NULL,1,4,NULL,NULL,NULL,NULL,N,NULL,NULL,NULL,NULL,NULL,N,NULL,NULL,NULL,D,NULL,N,N,NULL,A,NULL,1,164,NULL,NULL,N,B,Y,N,N,1,2,NULL,Y,NULL,NULL,NULL,NULL,NULL,NULL,NULL,NULL,NULL,NULL,NULL,NULL,49,NULL,NULL,3,NULL,NULL,L,N,N,NULL,NULL,NULL,NULL,NULL,N,NULL,NULL,NULL,NULL,NULL,NULL,NULL,NULL,NULL,NULL,NULL,NULL,NULL,NULL,9,NULL,N,NULL,NULL,0.000000,Y,N,154946,162026,NULL,NULL,NULL,NULL,NULL,NULL,NULL,NULL,NULL,NULL,NULL,NULL,NULL,NULL,NULL,NULL,D,I,NULL,N,N,N,NULL,NULL,NULL,NULL,Y,Y,N,NULL,NULL,N,N,N,N,NULL,2,NULL,NULL,NULL,NULL,NULL,NULL,NULL,NULL,NULL,N,NULL,NULL,NULL,NULL,N,NULL,0.000000,N,NULL,O,NULL,NULL,G,N,NULL,NULL,NULL,NULL,NULL,NULL,NULL,NULL,NULL,NULL,NULL,NULL,0.000000,NULL,0.000000,0.000000,Y,NULL,N,N,Y,NULL,NULL,NULL,N,N,NULL,NULL,NULL,NULL,NULL,NULL,0.000000,NULL,NULL,"HK PALICI SANITARY WARES CO., ",N,,NULL,NULL,NULL,NULL,N,Y,NULL,NULL,NULL,NULL,NULL,NULL,No,NULL,NULL,NULL,NULL
80493,Zhejiang Jianlong kitchen & Bath co LTD,S,105,C,Qinggang High Sci-tech,NULL,NULL,NULL,8657687117522,NULL,8657687103798,Sales,NULL,6393.420000,0.000000,0.000000,0.000000,21,0.000000,0.000000,0.000000,N,NULL,N,0.000000,NULL,NULL,NULL,NULL,2,0.000000,0.000000,0.000000,0.000000,N,N,0.000000,0.000000,0,NULL,-1,N,$,,6393.420000,868.560000,N,NULL,NULL,"Yuhuan, Zhejiang",NULL,CN,NULL,NULL,IL,NULL,NULL,1207081109814071595,NULL,10,NULL,NULL,NULL,Gllon,P,N,N,N,N,N,N,N,N,N,N,N,N,N,N,N,N,N,N,Y,N,N,N,N,N,N,N,N,N,N,N,N,N,N,N,N,N,N,N,N,N,N,N,N,N,N,N,N,N,N,N,N,N,N,N,N,N,N,N,N,N,N,N,N,N,NULL,2015-09-06 00:00:00.000,2025-03-11 00:00:00.000,NULL,52,L,0,0,NULL,NULL,0.000000,I,0,NULL,-1,-1,/aJkEu9+xYoUrzxQe1zMCw==,NULL,78,Y,N,NULL,NULL,Y,NULL,NULL,N,NULL,NULL,-1,-1,NULL,NULL,N,N,NULL,NULL,NULL,0,2,NULL,NULL,81000,NULL,Industrial Area,NULL,NULL,NULL,N,NULL,40547,NULL,NULL,100,Y,Y,0,NULL,N,IL,N,NULL,NULL,N,NULL,N,NULL,10,NULL,-1,IL,36020099,707,NULL,-1,NULL,NULL,NULL,NULL,N,NULL,0.000000,NULL,NULL,NULL,NULL,NULL,NULL,N,NULL,N,NULL,NULL,NULL,C,NULL,NULL,NULL,NULL,NULL,Y,Y,N,NULL,NULL,NULL,NULL,NULL,NULL,NULL,NULL,NULL,,NULL,NULL,NULL,Address,NULL,NULL,1,1,NULL,NULL,1,NULL,N,NULL,NULL,NULL,NULL,NULL,N,NULL,NULL,NULL,D,NULL,N,N,NULL,A,NULL,1,12,NULL,331021721001812,N,B,Y,N,N,1,2,NULL,Y,NULL,NULL,NULL,NULL,NULL,ICBKCNBJZJP,NULL,NULL,NULL,NULL,NULL,NULL,49,NULL,NULL,3,NULL,NULL,L,N,N,NULL,NULL,NULL,NULL,NULL,N,NULL,NULL,NULL,NULL,NULL,NULL,NULL,NULL,NULL,NULL,NULL,NULL,NULL,NULL,9,NULL,N,NULL,NULL,NULL,Y,N,0,171621,NULL,NULL,NULL,NULL,NULL,NULL,NULL,NULL,NULL,NULL,NULL,NULL,NULL,NULL,NULL,NULL,D,I,NULL,N,N,N,NULL,NULL,NULL,NULL,Y,Y,N,NULL,NULL,N,N,N,N,NULL,29,NULL,NULL,NULL,NULL,NULL,NULL,NULL,NULL,NULL,N,NULL,NULL,NULL,NULL,N,NULL,0.000000,N,NULL,O,NULL,NULL,G,N,NULL,NULL,NULL,NULL,NULL,NULL,NULL,NULL,NULL,NULL,NULL,40,0.000000,NULL,0.000000,0.000000,Y,NULL,N,N,Y,NULL,NULL,NULL,NULL,NULL,NULL,NULL,NULL,NULL,NULL,NULL,NULL,NULL,NULL,Zhejiang Jianlong Sanitary War,NULL,,NULL,NULL,NULL,NULL,N,Y,NULL,NULL,NULL,NULL,NULL,NULL,No,NULL,NULL,NULL,NULL
80492,"יעד פירזול 1984 בע""מ",S,101,C,קיבוץ גלויות 27,NULL,שד' הרכס 43 ת.ד 7171800,NULL,050-7513366 אייל,"08-6306036 קטי הנ""ח",03-6819166,NULL,"רחלי הנה""ח 08-6306042",0.000000,0.000000,0.000000,0.000000,11,0.000000,0.000000,0.000000,Y,511029340,Y,0.000000,NULL,NULL,NULL,NULL,2,0.000000,0.000000,0.000000,0.000000,N,N,0.000000,0.000000,0,NULL,-1,N,₪,,0.000000,0.000000,N,050-4440857 סאמר,NULL,תל- אביב,NULL,IL,מודיעין,NULL,IL,EYAL@PIRZUL.CO.IL,NULL,NULL,NULL,-1,NULL,NULL,NULL,NULL,P,N,N,N,N,N,N,N,N,N,N,N,N,N,N,N,N,N,N,N,N,N,N,N,N,N,N,N,N,N,N,N,N,N,N,N,N,N,N,N,N,N,N,N,N,N,N,N,N,N,N,N,N,N,N,N,N,N,N,N,N,N,N,N,N,NULL,2015-08-31 00:00:00.000,2023-04-16 00:00:00.000,NULL,52,L,0,0,NULL,NULL,0.000000,I,0,NULL,-1,-1,/aJkEu9+xYoUrzxQe1zMCw==,NULL,89,Y,Y,NULL,NULL,N,NULL,NULL,N,NULL,NULL,-1,-1,NULL,NULL,N,N,NULL,NULL,NULL,0,2,NULL,NULL,81000,"יעד פירזול 1984 בע""מ",NULL,NULL,NULL,NULL,N,NULL,40317,NULL,NULL,-1,Y,Y,0,NULL,N,IL,N,NULL,NULL,N,NULL,N,NULL,10,NULL,-1,IL,36020099,707,NULL,-1,NULL,NULL,NULL,NULL,N,NULL,0.000000,NULL,NULL,NULL,NULL,NULL,NULL,N,NULL,N,NULL,NULL,NULL,C,NULL,NULL,NULL,NULL,NULL,Y,Y,N,NULL,NULL,,,NULL,NULL,NULL,NULL,NULL,,NULL,NULL,NULL,תל אביב,NULL,NULL,1,1,NULL,NULL,NULL,NULL,N,NULL,NULL,NULL,NULL,NULL,N,NULL,NULL,NULL,D,NULL,N,N,NULL,A,NULL,1,87,NULL,511029340,N,B,N,N,Y,1,NULL,NULL,Y,NULL,NULL,NULL,NULL,NULL,NULL,NULL,NULL,NULL,NULL,NULL,NULL,49,NULL,NULL,3,NULL,NULL,L,N,N,NULL,NULL,NULL,NULL,NULL,N,NULL,NULL,NULL,NULL,NULL,NULL,NULL,NULL,NULL,NULL,NULL,NULL,NULL,NULL,9,NULL,N,NULL,NULL,NULL,Y,N,0,125752,NULL,NULL,NULL,NULL,NULL,NULL,NULL,NULL,NULL,NULL,NULL,NULL,NULL,NULL,NULL,NULL,D,I,NULL,N,N,N,NULL,NULL,NULL,NULL,Y,Y,N,NULL,NULL,N,N,N,N,NULL,1,NULL,NULL,NULL,NULL,NULL,NULL,NULL,NULL,NULL,N,NULL,NULL,NULL,NULL,N,NULL,0.000000,N,NULL,O,NULL,NULL,G,N,NULL,NULL,NULL,NULL,NULL,NULL,NULL,NULL,NULL,NULL,NULL,NULL,0.000000,NULL,0.000000,0.000000,Y,NULL,N,N,Y,NULL,NULL,NULL,NULL,NULL,NULL,NULL,NULL,NULL,NULL,NULL,NULL,NULL,NULL,"יעד פירזול 1984 בע""מ",NULL,,NULL,NULL,NULL,NULL,N,Y,NULL,NULL,NULL,NULL,NULL,NULL,No,NULL,NULL,NULL,NULL
80332,GOALAR sanitary ware co.ltd-$,S,105,C,Guxiang Industry Zone,515649,NULL,NULL,NULL,NULL,NULL,ANNY,NULL,4136.900000,0.000000,0.000000,56749.000000,8,0.000000,0.000000,0.000000,N,NULL,N,0.000000,NULL,NULL,0,0,2,0.000000,15400.000000,0.000000,56749.000000,N,N,0.000000,0.000000,0,ת.ת. 20 יום מש.מ.,-1,N,$,,4136.280000,0.190000,N,NULL,NULL,Chaozhou,Guangdong,CN,NULL,NULL,IL,export@goalar.com,NULL,79969008949,NULL,10,NULL,NULL,,NULL,P,N,N,N,N,N,N,N,N,N,N,N,N,N,N,N,Y,N,N,Y,N,N,N,N,N,N,N,N,N,N,N,N,N,N,N,N,N,N,N,N,N,N,N,N,N,N,N,N,N,N,N,N,N,N,N,N,N,N,N,N,N,N,N,N,N,NULL,2012-11-29 00:00:00.000,2025-03-11 00:00:00.000,NULL,-1,L,1,8,NULL,NULL,0.000000,I,0,NULL,-1,-1,dQgvFQRcXrqRAfvqeCxacg==,NULL,46,Y,Y,NULL,NULL,N,NULL,NULL,N,NULL,NULL,-1,-1,NULL,NULL,N,N,NULL,NULL,NULL,0,2,NULL,NULL,82000,NULL,NULL,NULL,NULL,NULL,N,NULL,6730,NULL,NULL,NULL,Y,Y,0,NULL,N,IL,N,NULL,NULL,N,NULL,N,NULL,10,NULL,-1,IL,36020099,707,NULL,-1,NULL,NULL,NULL,NULL,N,NULL,0.000000,NULL,NULL,NULL,NULL,NULL,NULL,N,NULL,N,NULL,NULL,NULL,C,NULL,NULL,NULL,NULL,NULL,Y,Y,N,NULL,NULL,NULL,NULL,NULL,NULL,NULL,NULL,NULL,NULL,NULL,NULL,NULL,Bill to,,NULL,1,1,NULL,NULL,1,NULL,N,NULL,NULL,NULL,NULL,NULL,N,NULL,NULL,NULL,D,NULL,N,N,NULL,A,NULL,1,12,NULL,445121062189670,N,B,Y,N,N,1,2,NULL,Y,NULL,NULL,NULL,NULL,NULL,DHBKHKHH,N,NULL,NULL,NULL,NULL,NULL,49,NULL,NULL,3,NULL,NULL,L,N,N,NULL,NULL,NULL,NULL,NULL,N,NULL,NULL,NULL,NULL,NULL,NULL,NULL,NULL,NULL,NULL,NULL,NULL,NULL,NULL,9,NULL,N,NULL,NULL,NULL,Y,N,0,171455,NULL,NULL,NULL,NULL,NULL,NULL,NULL,NULL,NULL,NULL,NULL,NULL,NULL,NULL,NULL,NULL,D,I,NULL,N,N,N,NULL,NULL,NULL,NULL,Y,Y,N,NULL,NULL,N,N,N,N,NULL,45,NULL,NULL,NULL,NULL,NULL,NULL,NULL,NULL,NULL,N,NULL,NULL,NULL,NULL,N,NULL,0.000000,N,NULL,O,NULL,NULL,G,N,8281,NULL,NULL,NULL,NULL,NULL,NULL,NULL,NULL,NULL,NULL,55,NULL,NULL,0.000000,0.000000,Y,NULL,NULL,NULL,Y,NULL,NULL,NULL,NULL,NULL,NULL,NULL,NULL,NULL,NULL,NULL,NULL,NULL,NULL,GOALAR sanitary ware co.ltd-$,NULL,,NULL,NULL,NULL,NULL,N,Y,NULL,NULL,NULL,NULL,NULL,NULL,Yes,NULL,NULL,NULL,NULL
80003,CHAOZHU MONGA,S,105,C,NULL,NULL,NULL,NULL,00-86-768-6925532,NULL,00-86-768-6925168,BERYL,NULL,0.000000,0.000000,0.000000,0.000000,4,0.000000,0.000000,0.000000,N,NULL,N,0.000000,NULL,NULL,0,0,1,0.000000,0.000000,0.000000,0.000000,N,N,0.000000,0.000000,0,,-1,N,$,NULL,0.000000,0.000000,N,13903095335,NULL,NULL,NULL,IL,NULL,NULL,IL,NULL,NULL,NULL,NULL,NULL,NULL,NULL,NULL,NULL,P,N,N,N,N,N,N,N,N,N,N,N,N,N,N,N,Y,N,N,N,N,N,N,N,N,N,N,N,N,N,N,N,N,N,N,N,N,N,N,N,N,N,N,N,N,N,N,N,N,N,N,N,N,N,N,N,N,N,N,N,N,N,N,N,N,NULL,2011-11-15 00:00:00.000,2018-06-22 00:00:00.000,NULL,-1,L,1,4,NULL,NULL,0.000000,O,0,NULL,-1,-1,/aJkEu9+xYoUrzxQe1zMCw==,NULL,0,Y,N,NULL,NULL,Y,NULL,NULL,N,NULL,NULL,-1,-1,NULL,NULL,N,N,NULL,NULL,NULL,0,2,NULL,NULL,82000,NULL,NULL,NULL,NULL,NULL,N,NULL,427,NULL,NULL,NULL,Y,Y,NULL,NULL,N,IL,N,NULL,NULL,N,NULL,N,NULL,10,NULL,-1,IL,36020099,707,NULL,-1,NULL,NULL,NULL,NULL,N,NULL,0.000000,NULL,NULL,NULL,NULL,NULL,NULL,N,NULL,N,NULL,NULL,NULL,C,NULL,NULL,,,,Y,Y,N,NULL,,,,NULL,NULL,NULL,NULL,NULL,NULL,NULL,NULL,NULL,NULL,,NULL,1,1,NULL,NULL,NULL,NULL,N,NULL,NULL,NULL,NULL,NULL,N,NULL,NULL,NULL,D,NULL,N,N,NULL,A,NULL,1,12,NULL,NULL,N,B,Y,N,N,1,NULL,NULL,Y,NULL,NULL,NULL,NULL,NULL,NULL,N,NULL,NULL,NULL,NULL,NULL,49,NULL,NULL,3,,NULL,L,N,N,NULL,NULL,NULL,NULL,NULL,N,NULL,NULL,NULL,NULL,NULL,NULL,NULL,NULL,NULL,NULL,NULL,NULL,NULL,NULL,9,NULL,N,NULL,NULL,NULL,Y,N,0,144358,NULL,NULL,NULL,NULL,NULL,NULL,NULL,NULL,NULL,NULL,NULL,NULL,NULL,NULL,NULL,NULL,D,I,NULL,N,N,N,NULL,NULL,NULL,NULL,Y,Y,N,NULL,NULL,N,N,N,N,NULL,1,NULL,NULL,NULL,NULL,NULL,NULL,NULL,NULL,NULL,N,NULL,NULL,NULL,NULL,N,NULL,0.000000,N,NULL,O,NULL,NULL,G,N,8209,NULL,NULL,NULL,NULL,NULL,NULL,NULL,NULL,NULL,NULL,NULL,NULL,NULL,0.000000,0.000000,Y,NULL,NULL,NULL,Y,NULL,NULL,NULL,NULL,NULL,NULL,NULL,NULL,NULL,NULL,NULL,NULL,NULL,NULL,CHAOZHU MONGA,NULL,,NULL,NULL,NULL,NULL,N,Y,NULL,NULL,NULL,NULL,NULL,NULL,No,NULL,NULL,NULL,NULL
80330,Chaozhou Jasper Ceramic -Risheng -$,S,105,C,zhanhong road chaozhou rail way station area chaozhou guandong 521031,NULL,NULL,NULL,NULL,86 768 2993277,86 768 2993002,DOREEN,NULL,140454.240000,0.000000,45475.080000,540018.580000,4,0.000000,0.000000,0.000000,N,NULL,N,0.000000,NULL,NULL,0,0,2,12590.000000,148496.000000,45475.080000,540018.580000,N,N,0.000000,0.000000,0,ת.ת. 60 יום מש.מ.,-1,N,$,,140455.030000,40110.000000,N,86 13828378205,NULL,NULL,NULL,CN,NULL,NULL,IL,risheng@pub.chaozhou.gd.cn,NULL,719857759415,NULL,10,שבועי,NULL,,NULL,P,N,N,N,N,N,N,N,N,N,N,N,N,N,N,N,Y,N,Y,N,N,N,N,N,N,N,N,N,N,N,N,N,N,N,N,N,N,N,N,N,N,N,N,N,N,N,N,N,N,N,N,N,N,N,N,N,N,N,N,N,N,N,N,N,N,NULL,2012-11-29 00:00:00.000,2025-05-06 00:00:00.000,NULL,-1,L,1,4,NULL,NULL,0.000000,I,0,NULL,-1,-1,dQgvFQRcXrqRAfvqeCxacg==,NULL,46,Y,Y,NULL,NULL,N,NULL,NULL,N,NULL,NULL,-1,-1,NULL,NULL,N,N,NULL,NULL,NULL,0,2,NULL,NULL,82000,NULL,NULL,NULL,NULL,NULL,N,809395310833,6728,NULL,NULL,NULL,Y,Y,0,NULL,N,IL,N,NULL,NULL,N,NULL,N,NULL,10,NULL,-1,IL,36020099,707,NULL,-1,NULL,NULL,NULL,NULL,N,NULL,0.000000,NULL,NULL,NULL,NULL,NULL,NULL,N,NULL,N,NULL,NULL,NULL,C,NULL,NULL,NULL,NULL,NULL,Y,Y,N,NULL,NULL,NULL,NULL,NULL,NULL,NULL,NULL,NULL,NULL,NULL,NULL,NULL,Bill to,,NULL,1,1,NULL,NULL,1,NULL,N,NULL,NULL,NULL,NULL,NULL,N,NULL,NULL,NULL,D,NULL,N,N,NULL,A,NULL,1,164,NULL,445100400004356,N,B,Y,N,N,1,3,NULL,Y,NULL,NULL,NULL,NULL,NULL,BKCHCNBJ41P,N,NULL,NULL,NULL,NULL,NULL,49,NULL,NULL,3,NULL,NULL,L,N,N,NULL,NULL,NULL,NULL,NULL,N,NULL,NULL,NULL,NULL,NULL,NULL,NULL,NULL,NULL,NULL,NULL,NULL,NULL,NULL,9,NULL,N,NULL,NULL,NULL,Y,N,0,115527,NULL,NULL,NULL,NULL,NULL,NULL,NULL,NULL,NULL,NULL,NULL,NULL,NULL,NULL,NULL,NULL,D,I,NULL,N,N,N,NULL,NULL,NULL,NULL,Y,Y,N,NULL,NULL,N,N,N,N,NULL,221,NULL,NULL,NULL,NULL,NULL,NULL,NULL,NULL,NULL,N,NULL,NULL,NULL,NULL,N,NULL,25.000000,N,NULL,O,NULL,NULL,G,N,8210,NULL,NULL,NULL,NULL,NULL,NULL,NULL,NULL,NULL,NULL,55,NULL,NULL,0.000000,0.000000,Y,NULL,NULL,NULL,Y,NULL,NULL,NULL,NULL,NULL,NULL,NULL,NULL,NULL,NULL,NULL,NULL,NULL,NULL,Chaozhou Jasper Ceramic -Rishe,NULL,,NULL,NULL,NULL,NULL,N,Y,NULL,NULL,NULL,NULL,NULL,NULL,Yes,NULL,NULL,NULL,NULL
80444,Edea Jlip Group co L.T.D,S,105,C,NULL,NULL,NULL,NULL,NULL,NULL,NULL,NULL,NULL,1400.840000,0.000000,0.000000,0.000000,11,0.000000,0.000000,0.000000,N,NULL,N,0.000000,NULL,NULL,NULL,NULL,2,0.000000,0.000000,0.000000,0.000000,N,N,0.000000,0.000000,0,NULL,-1,N,$,,1400.840000,0.000000,N,NULL,NULL,NULL,NULL,IL,NULL,NULL,IL,NULL,NULL,NULL,NULL,-1,NULL,NULL,NULL,NULL,P,N,N,N,N,N,N,N,N,N,N,N,N,N,N,N,N,N,N,Y,N,N,N,N,N,N,N,N,N,N,N,N,N,N,N,N,N,N,N,N,N,N,N,N,N,N,N,N,N,N,N,N,N,N,N,N,N,N,N,N,N,N,N,N,N,NULL,2015-01-25 00:00:00.000,2023-10-30 00:00:00.000,NULL,52,L,0,0,NULL,NULL,0.000000,I,0,NULL,-1,-1,/aJkEu9+xYoUrzxQe1zMCw==,NULL,46,Y,N,NULL,NULL,Y,NULL,NULL,N,NULL,NULL,-1,-1,NULL,NULL,N,N,NULL,NULL,NULL,0,2,NULL,NULL,81000,NULL,NULL,NULL,NULL,NULL,N,NULL,32000,NULL,NULL,100,Y,Y,0,NULL,N,IL,N,NULL,NULL,N,NULL,N,NULL,10,NULL,-1,IL,36020099,707,NULL,-1,NULL,NULL,NULL,NULL,N,NULL,0.000000,NULL,NULL,NULL,NULL,NULL,NULL,N,NULL,N,NULL,NULL,NULL,C,NULL,NULL,NULL,NULL,NULL,Y,Y,N,NULL,NULL,NULL,NULL,NULL,NULL,NULL,NULL,NULL,,NULL,NULL,NULL,NULL,NULL,NULL,1,1,NULL,NULL,NULL,NULL,N,NULL,NULL,NULL,NULL,NULL,N,NULL,NULL,NULL,D,NULL,N,N,NULL,A,NULL,1,17,NULL,NULL,N,B,Y,N,N,1,2,NULL,Y,NULL,NULL,NULL,NULL,NULL,NULL,NULL,NULL,NULL,NULL,NULL,NULL,49,NULL,NULL,3,NULL,NULL,L,N,N,NULL,NULL,NULL,NULL,NULL,N,NULL,NULL,NULL,NULL,NULL,NULL,NULL,NULL,NULL,NULL,NULL,NULL,NULL,NULL,9,NULL,N,NULL,NULL,NULL,Y,N,0,90049,NULL,NULL,NULL,NULL,NULL,NULL,NULL,NULL,NULL,NULL,NULL,NULL,NULL,NULL,NULL,NULL,D,I,NULL,N,N,N,NULL,NULL,NULL,NULL,Y,Y,N,NULL,NULL,N,N,N,N,NULL,2,NULL,NULL,NULL,NULL,NULL,NULL,NULL,NULL,NULL,N,NULL,NULL,NULL,NULL,N,NULL,0.000000,N,NULL,O,NULL,NULL,G,N,NULL,NULL,NULL,NULL,NULL,NULL,NULL,NULL,NULL,NULL,NULL,40,0.000000,NULL,0.000000,0.000000,Y,NULL,NULL,NULL,Y,NULL,NULL,NULL,NULL,NULL,NULL,NULL,NULL,NULL,NULL,NULL,NULL,NULL,NULL,Edea Jlip Group co L.T.D,NULL,,NULL,NULL,NULL,NULL,N,Y,NULL,NULL,NULL,NULL,NULL,NULL,No,NULL,NULL,NULL,NULL
80888,"קונספט עיצב האמבט והמטבח בע""מ",S,101,C,ת.ד 1229,NULL,NULL,NULL,03-9072090,NULL,03-9072080,באסם,NULL,2239314.260000,0.000000,181379.280000,127216.980000,11,0.000000,0.000000,0.000000,Y,515734127,Y,0.000000,NULL,NULL,0,0,2,0.000000,0.000000,181379.280000,127216.980000,N,N,0.000000,0.000000,0,,-1,N,₪,,2239314.260000,0.000000,N,505-7579547,NULL,כפר קאסם,NULL,IL,NULL,NULL,IL,bassam@concpt.co.il,NULL,NULL,NULL,-1,NULL,NULL,,NULL,P,N,N,N,N,N,N,N,N,N,N,N,N,N,N,N,N,N,N,N,N,N,N,N,N,N,N,N,N,Y,N,N,N,N,N,N,N,N,N,N,N,N,N,N,N,N,N,N,N,N,N,N,N,N,N,N,N,N,N,N,N,N,N,N,N,NULL,2017-12-27 00:00:00.000,2025-05-04 00:00:00.000,NULL,52,L,1,4,NULL,NULL,0.000000,I,0,NULL,-1,-1,dQgvFQRcXrqRAfvqeCxacg==,NULL,32,Y,Y,NULL,NULL,N,NULL,NULL,N,NULL,NULL,1,-1,NULL,NULL,N,N,NULL,NULL,NULL,0,2,NULL,NULL,81000,NULL,NULL,NULL,NULL,NULL,N,NULL,79147,NULL,NULL,NULL,Y,Y,0,NULL,N,IL,N,NULL,NULL,N,NULL,N,NULL,10,NULL,-1,IL,36020099,707,NULL,-1,NULL,NULL,NULL,NULL,N,NULL,0.000000,NULL,NULL,NULL,NULL,NULL,NULL,N,NULL,N,NULL,NULL,NULL,C,NULL,NULL,,,,Y,Y,N,NULL,,,,NULL,NULL,NULL,NULL,NULL,,NULL,NULL,NULL,Bill to,,NULL,1,1,NULL,NULL,NULL,NULL,N,NULL,NULL,NULL,NULL,NULL,N,NULL,NULL,NULL,D,NULL,N,N,NULL,A,NULL,1,17,NULL,515734127,N,B,N,N,Y,1,NULL,NULL,Y,NULL,NULL,NULL,NULL,NULL,NULL,NULL,NULL,NULL,NULL,NULL,NULL,49,NULL,NULL,3,,NULL,L,N,N,NULL,NULL,NULL,NULL,NULL,N,NULL,NULL,NULL,NULL,NULL,NULL,NULL,NULL,NULL,NULL,NULL,NULL,NULL,NULL,9,NULL,N,NULL,NULL,NULL,Y,N,153727,112841,NULL,NULL,NULL,NULL,NULL,NULL,NULL,NULL,NULL,NULL,NULL,NULL,NULL,NULL,NULL,NULL,D,I,NULL,N,N,N,NULL,NULL,NULL,NULL,Y,Y,N,NULL,NULL,N,N,N,N,NULL,893,NULL,NULL,NULL,NULL,NULL,NULL,NULL,NULL,NULL,N,NULL,NULL,NULL,NULL,N,NULL,100.000000,N,NULL,O,NULL,NULL,G,N,8026,NULL,NULL,NULL,NULL,NULL,NULL,NULL,NULL,NULL,NULL,NULL,NULL,NULL,0.000000,0.000000,Y,NULL,NULL,NULL,Y,NULL,NULL,NULL,NULL,NULL,NULL,NULL,NULL,NULL,NULL,NULL,NULL,NULL,NULL,"קונספט מטבחים בע""מ",NULL,,NULL,NULL,NULL,NULL,N,Y,NULL,NULL,NULL,NULL,NULL,NULL,No,NULL,NULL,NULL,NULL
80442,Wenzhou Wo Lun Kitchen and Bath sanitary wares Co. Ltd..,S,105,C,NULL,NULL,Haichang Road No 39,325055,NULL,NULL,NULL,Zhejiang Volong Sanitary Wares,NULL,-48305.120000,0.000000,0.000000,721004.430000,18,0.000000,0.000000,0.000000,N,NULL,N,0.000000,NULL,NULL,NULL,NULL,2,0.000000,195539.500000,0.000000,721004.430000,N,N,0.000000,0.000000,0,NULL,-1,N,$,,-48305.120000,-23320.250000,N,NULL,NULL,NULL,NULL,IL,Wenzhou,Longwan District,IL,NULL,NULL,19227014040007054,NULL,10,NULL,NULL,NULL,Zhejiang Volong Sanitary Wares Co L.T.D,P,N,N,N,N,N,N,N,N,N,N,N,N,N,N,N,N,N,N,Y,N,N,N,N,N,N,N,N,N,N,N,N,N,N,N,N,N,N,N,N,N,N,N,N,N,N,N,N,N,N,N,N,N,N,N,N,N,N,N,N,N,N,N,N,N,NULL,2015-01-22 00:00:00.000,2025-03-11 00:00:00.000,NULL,52,L,0,0,NULL,NULL,0.000000,I,0,NULL,-1,-1,/aJkEu9+xYoUrzxQe1zMCw==,NULL,46,Y,Y,NULL,NULL,N,NULL,NULL,N,NULL,NULL,-1,-1,NULL,NULL,N,N,NULL,001,NULL,0,2,NULL,NULL,81000,כתובת למשלוח חלקים,NULL,NULL,NULL,NULL,N,ABBOCCNBJ110,31955,NULL,NULL,100,Y,Y,0,NULL,N,IL,N,NULL,NULL,N,NULL,N,NULL,10,NULL,-1,IL,36020099,707,NULL,-1,NULL,NULL,NULL,NULL,N,NULL,0.000000,NULL,NULL,NULL,NULL,NULL,NULL,N,NULL,N,NULL,NULL,NULL,C,NULL,NULL,NULL,NULL,NULL,Y,Y,N,NULL,NULL,NULL,NULL,NULL,NULL,NULL,NULL,NULL,,NULL,NULL,NULL,NULL,NULL,NULL,1,1,NULL,NULL,1,NULL,N,NULL,NULL,NULL,NULL,NULL,N,NULL,NULL,NULL,D,NULL,N,N,NULL,A,NULL,1,12,NULL,33030508529633X,N,B,Y,N,N,1,2,NULL,Y,NULL,NULL,NULL,NULL,NULL,ABOCCNBJ110,NULL,NULL,NULL,NULL,NULL,NULL,49,NULL,NULL,3,NULL,NULL,L,N,N,NULL,NULL,NULL,NULL,NULL,N,NULL,NULL,NULL,NULL,NULL,NULL,NULL,NULL,NULL,NULL,NULL,NULL,NULL,NULL,9,NULL,N,NULL,NULL,NULL,Y,N,0,171519,NULL,NULL,NULL,NULL,NULL,NULL,NULL,NULL,NULL,NULL,NULL,NULL,NULL,NULL,NULL,NULL,D,I,NULL,N,N,N,NULL,NULL,NULL,NULL,Y,Y,N,NULL,NULL,N,N,N,N,NULL,25,NULL,NULL,NULL,NULL,NULL,NULL,NULL,NULL,NULL,N,NULL,NULL,NULL,NULL,N,NULL,0.000000,N,NULL,O,NULL,NULL,G,N,NULL,NULL,NULL,NULL,NULL,NULL,NULL,NULL,NULL,NULL,NULL,55,0.000000,NULL,0.000000,0.000000,Y,NULL,NULL,NULL,Y,NULL,NULL,NULL,NULL,NULL,NULL,NULL,NULL,NULL,NULL,NULL,NULL,NULL,NULL,Wenzhou Wo Lun Kitchen and Bat,NULL,,NULL,NULL,NULL,NULL,N,Y,NULL,NULL,NULL,NULL,NULL,NULL,No,NULL,NULL,NULL,NULL
80232,TANGSHAN CERAMIC i&e co.ltd,S,105,C,NO.30 XIYAO road tangshan,NULL,NULL,NULL,NULL,NULL,NULL,Mr.Yimin Chen,NULL,-1539.310000,0.000000,0.000000,0.000000,1,0.000000,0.000000,0.000000,N,NULL,N,0.000000,NULL,NULL,0,0,2,0.000000,0.000000,0.000000,0.000000,N,N,0.000000,0.000000,0,ת.ת. 30 יום מת.מ,-1,N,$,NULL,-1538.080000,-38.600000,N,NULL,NULL,hebei,NULL,CH,NULL,NULL,IL,mryimin88@yahoo.com.cn,NULL,NULL,NULL,NULL,NULL,NULL,NULL,NULL,P,N,N,N,N,N,N,N,N,N,N,N,N,N,N,N,Y,N,N,N,N,N,N,N,N,N,N,N,N,N,N,N,N,N,N,N,N,N,N,N,N,N,N,N,N,N,N,N,N,N,N,N,N,N,N,N,N,N,N,N,N,N,N,N,N,NULL,2011-11-15 00:00:00.000,2018-11-26 00:00:00.000,NULL,-1,L,1,4,NULL,NULL,0.000000,O,0,NULL,-1,-1,dQgvFQRcXrqRAfvqeCxacg==,NULL,0,Y,N,NULL,NULL,Y,NULL,NULL,N,NULL,NULL,-1,-1,NULL,NULL,N,N,NULL,NULL,NULL,0,2,NULL,NULL,82000,NULL,NULL,NULL,NULL,NULL,N,NULL,656,NULL,NULL,NULL,Y,Y,0,NULL,N,IL,N,NULL,NULL,N,NULL,N,NULL,10,NULL,-1,IL,36020099,707,NULL,-1,NULL,NULL,NULL,NULL,N,NULL,0.000000,NULL,NULL,NULL,NULL,NULL,NULL,N,NULL,N,NULL,NULL,NULL,C,NULL,NULL,,,,Y,Y,N,NULL,,,,NULL,NULL,NULL,NULL,NULL,NULL,NULL,NULL,NULL,Bill to,,NULL,1,1,NULL,NULL,NULL,NULL,N,NULL,NULL,NULL,NULL,NULL,N,NULL,NULL,NULL,D,NULL,N,N,NULL,A,NULL,1,142,NULL,13020374685685X,N,B,Y,N,N,1,NULL,NULL,Y,NULL,NULL,NULL,NULL,NULL,NULL,N,NULL,NULL,NULL,NULL,NULL,49,NULL,NULL,3,,NULL,L,N,N,NULL,NULL,NULL,NULL,NULL,N,NULL,NULL,NULL,NULL,NULL,NULL,NULL,NULL,NULL,NULL,NULL,NULL,NULL,NULL,9,NULL,N,NULL,NULL,NULL,Y,N,0,122926,NULL,NULL,NULL,NULL,NULL,NULL,NULL,NULL,NULL,NULL,NULL,NULL,NULL,NULL,NULL,NULL,D,I,NULL,N,N,N,NULL,NULL,NULL,NULL,Y,Y,N,NULL,NULL,N,N,N,N,NULL,1,NULL,NULL,NULL,NULL,NULL,NULL,NULL,NULL,NULL,N,NULL,NULL,NULL,NULL,N,NULL,0.000000,N,NULL,O,NULL,NULL,G,N,8205,NULL,NULL,NULL,NULL,NULL,NULL,NULL,NULL,NULL,NULL,33,NULL,NULL,0.000000,0.000000,Y,NULL,NULL,NULL,Y,NULL,NULL,NULL,NULL,NULL,NULL,NULL,NULL,NULL,NULL,NULL,NULL,NULL,NULL,TANGSHAN CERAMIC i&e co.ltd,NULL,,NULL,NULL,NULL,NULL,N,Y,NULL,NULL,NULL,NULL,NULL,NULL,No,NULL,NULL,NULL,NULL
80387,"מ.מ.מ אור גלאס בע""מ",S,101,C,-,NULL,-,NULL,מגדי 054-3366932,מוסעב 0505551947,03-9015079,מג'די,NULL,0.000000,0.000000,93895.550000,27466.860000,11,0.000000,0.000000,0.000000,Y,515007409,Y,0.000000,NULL,NULL,0,0,2,0.000000,0.000000,93895.550000,27466.860000,N,N,0.000000,0.000000,0,NULL,-1,N,₪,,0.000000,0.000000,N,NULL,NULL,NULL,NULL,IL,כפר קאסם,NULL,IL,orglass.ltd@gmail.com,NULL,NULL,NULL,-1,NULL,NULL,,NULL,P,N,N,N,N,N,N,N,N,N,N,N,N,N,N,N,Y,N,N,N,N,N,N,N,N,N,N,N,N,Y,N,N,N,N,N,N,N,N,N,N,N,N,N,N,N,N,N,N,N,N,N,N,N,N,N,N,N,N,N,N,N,N,N,N,N,NULL,2014-01-29 00:00:00.000,2025-05-11 00:00:00.000,NULL,52,L,10,3,NULL,NULL,0.000000,I,0,NULL,-1,-1,/aJkEu9+xYoUrzxQe1zMCw==,NULL,46,Y,Y,NULL,NULL,N,NULL,NULL,N,NULL,NULL,1,-1,NULL,NULL,N,N,NULL,NULL,NULL,0,2,NULL,NULL,81000,כפר קאסם,NULL,כפר קאסם,NULL,NULL,N,NULL,19520,NULL,NULL,100,Y,Y,0,NULL,N,IL,N,NULL,NULL,N,NULL,N,NULL,12,NULL,-1,IL,316280,66700,NULL,-1,NULL,NULL,NULL,NULL,N,NULL,0.000000,NULL,NULL,NULL,NULL,NULL,NULL,N,NULL,N,NULL,NULL,NULL,C,NULL,NULL,NULL,NULL,NULL,Y,Y,N,NULL,NULL,NULL,NULL,NULL,NULL,NULL,NULL,NULL,NULL,NULL,NULL,NULL,Bill to,,NULL,1,2,NULL,NULL,NULL,NULL,N,NULL,NULL,NULL,NULL,NULL,N,NULL,NULL,NULL,D,NULL,N,N,NULL,A,NULL,1,87,NULL,515007409,N,B,N,N,Y,1,NULL,NULL,Y,NULL,NULL,NULL,NULL,NULL,NULL,NULL,NULL,NULL,NULL,NULL,NULL,49,NULL,NULL,3,NULL,NULL,L,N,N,NULL,NULL,NULL,NULL,NULL,N,NULL,NULL,NULL,NULL,NULL,NULL,NULL,NULL,NULL,NULL,NULL,NULL,NULL,NULL,9,NULL,N,NULL,NULL,NULL,Y,N,0,101343,NULL,NULL,NULL,NULL,NULL,NULL,NULL,NULL,NULL,NULL,NULL,NULL,NULL,NULL,NULL,NULL,D,I,NULL,N,N,N,NULL,NULL,NULL,NULL,Y,Y,N,NULL,NULL,N,N,N,N,NULL,324,NULL,NULL,NULL,NULL,NULL,NULL,NULL,NULL,NULL,N,NULL,NULL,NULL,NULL,N,NULL,0.000000,N,NULL,O,NULL,,G,N,8003,NULL,,NULL,NULL,NULL,NULL,NULL,NULL,NULL,NULL,NULL,NULL,NULL,0.000000,0.000000,Y,NULL,NULL,NULL,Y,NULL,NULL,NULL,NULL,NULL,NULL,NULL,NULL,NULL,NULL,NULL,NULL,NULL,NULL,"מוחמד סרסור-אור גלאס בע""מ",NULL,,NULL,NULL,NULL,NULL,N,Y,NULL,NULL,NULL,NULL,NULL,NULL,No,NULL,NULL,NULL,NULL
80665,"ליאוני פלוס בע""מ",S,101,C,-,NULL,NULL,NULL,03-6495556,NULL,NULL,NULL,NULL,0.000000,0.000000,0.000000,0.000000,4,0.000000,0.000000,0.000000,Y,515754497,N,0.000000,NULL,NULL,NULL,NULL,2,0.000000,0.000000,0.000000,0.000000,N,N,0.000000,0.000000,0,NULL,-1,N,₪,,0.000000,0.000000,N,054-2495579 דודו,NULL,כפר ברא,NULL,IL,NULL,NULL,IL,NULL,NULL,NULL,NULL,NULL,NULL,NULL,NULL,NULL,P,N,N,N,N,N,N,N,N,N,N,N,N,N,N,N,N,N,N,N,N,N,N,N,N,N,N,N,N,N,N,N,N,N,N,N,N,N,N,N,N,N,N,N,N,N,N,N,N,N,N,N,N,N,N,N,N,N,N,N,N,N,N,N,N,NULL,2018-03-12 00:00:00.000,2022-04-18 00:00:00.000,NULL,52,L,0,0,NULL,NULL,0.000000,I,NULL,NULL,-1,-1,/aJkEu9+xYoUrzxQe1zMCw==,NULL,87,Y,Y,NULL,NULL,N,NULL,NULL,N,NULL,NULL,-1,-1,NULL,NULL,N,N,NULL,NULL,NULL,0,2,NULL,NULL,81000,NULL,NULL,NULL,NULL,NULL,N,NULL,83694,NULL,NULL,100,Y,Y,NULL,NULL,N,IL,N,NULL,NULL,N,NULL,N,NULL,10,NULL,-1,IL,0736020099,70711,NULL,-1,NULL,NULL,NULL,NULL,N,NULL,0.000000,NULL,NULL,NULL,NULL,NULL,NULL,N,NULL,N,NULL,NULL,NULL,C,NULL,NULL,NULL,NULL,NULL,Y,Y,N,NULL,NULL,,NULL,NULL,NULL,NULL,NULL,NULL,,NULL,NULL,78,כפר ברא חורשים,NULL,NULL,1,4,NULL,NULL,NULL,NULL,N,NULL,NULL,NULL,NULL,NULL,N,NULL,NULL,NULL,D,NULL,N,N,NULL,A,NULL,1,87,NULL,515754497,N,B,Y,N,N,1,NULL,NULL,Y,NULL,NULL,NULL,NULL,NULL,NULL,NULL,NULL,NULL,NULL,NULL,NULL,49,NULL,NULL,3,NULL,NULL,L,N,N,NULL,NULL,NULL,NULL,NULL,N,NULL,NULL,NULL,NULL,NULL,NULL,NULL,NULL,NULL,NULL,NULL,NULL,NULL,NULL,9,NULL,N,NULL,NULL,0.000000,Y,N,105022,122208,NULL,NULL,NULL,NULL,NULL,NULL,NULL,NULL,NULL,NULL,NULL,NULL,NULL,NULL,NULL,NULL,D,I,NULL,N,N,N,NULL,NULL,NULL,NULL,Y,Y,N,NULL,NULL,N,N,N,N,NULL,1,NULL,NULL,NULL,NULL,NULL,NULL,NULL,NULL,NULL,N,NULL,NULL,NULL,NULL,N,NULL,0.000000,N,NULL,O,NULL,NULL,G,N,NULL,NULL,NULL,NULL,NULL,NULL,NULL,NULL,NULL,NULL,NULL,NULL,0.000000,NULL,0.000000,0.000000,Y,NULL,N,N,Y,NULL,NULL,NULL,N,N,NULL,NULL,NULL,NULL,NULL,NULL,0.000000,NULL,NULL,"ליאוני פלוס בע""מ",N,,NULL,NULL,NULL,NULL,N,Y,NULL,NULL,NULL,NULL,NULL,NULL,No,NULL,NULL,NULL,NULL
80446,Caizhou Kaiping Pasgo Plumbing Products Co,S,105,C,NULL,NULL,NULL,NULL,NULL,NULL,NULL,NULL,NULL,0.000000,0.000000,0.000000,0.000000,11,0.000000,0.000000,0.000000,N,NULL,N,0.000000,NULL,NULL,NULL,NULL,1,0.000000,0.000000,0.000000,0.000000,N,N,0.000000,0.000000,0,NULL,-1,N,$,,0.000000,0.000000,N,NULL,NULL,NULL,NULL,IL,NULL,NULL,IL,NULL,NULL,NULL,NULL,NULL,NULL,NULL,NULL,NULL,P,N,N,N,N,N,N,N,N,N,N,N,N,N,N,N,N,N,N,N,N,N,N,N,N,N,N,N,N,N,N,N,N,N,N,N,N,N,N,N,N,N,N,N,N,N,N,N,N,N,N,N,N,N,N,N,N,N,N,N,N,N,N,N,N,NULL,2015-01-25 00:00:00.000,2018-06-22 00:00:00.000,NULL,52,L,0,0,NULL,NULL,0.000000,I,0,NULL,-1,-1,/aJkEu9+xYoUrzxQe1zMCw==,NULL,46,Y,N,NULL,NULL,Y,NULL,NULL,N,NULL,NULL,-1,-1,NULL,NULL,N,N,NULL,NULL,NULL,0,2,NULL,NULL,81000,NULL,NULL,NULL,NULL,NULL,N,NULL,32022,NULL,NULL,100,Y,Y,0,NULL,N,IL,N,NULL,NULL,N,NULL,N,NULL,10,NULL,-1,IL,36020099,707,NULL,-1,NULL,NULL,NULL,NULL,N,NULL,0.000000,NULL,NULL,NULL,NULL,NULL,NULL,N,NULL,N,NULL,NULL,NULL,C,NULL,NULL,NULL,NULL,NULL,Y,Y,N,NULL,NULL,NULL,NULL,NULL,NULL,NULL,NULL,NULL,,NULL,NULL,NULL,NULL,NULL,NULL,1,1,NULL,NULL,NULL,NULL,N,NULL,NULL,NULL,NULL,NULL,N,NULL,NULL,NULL,D,NULL,N,N,NULL,A,NULL,1,12,NULL,NULL,N,B,Y,N,N,1,NULL,NULL,Y,NULL,NULL,NULL,NULL,NULL,NULL,NULL,NULL,NULL,NULL,NULL,NULL,49,NULL,NULL,3,NULL,NULL,L,N,N,NULL,NULL,NULL,NULL,NULL,N,NULL,NULL,NULL,NULL,NULL,NULL,NULL,NULL,NULL,NULL,NULL,NULL,NULL,NULL,9,NULL,N,NULL,NULL,NULL,Y,N,0,145931,NULL,NULL,NULL,NULL,NULL,NULL,NULL,NULL,NULL,NULL,NULL,NULL,NULL,NULL,NULL,NULL,D,I,NULL,N,N,N,NULL,NULL,NULL,NULL,Y,Y,N,NULL,NULL,N,N,N,N,NULL,1,NULL,NULL,NULL,NULL,NULL,NULL,NULL,NULL,NULL,N,NULL,NULL,NULL,NULL,N,NULL,0.000000,N,NULL,O,NULL,NULL,G,N,NULL,NULL,NULL,NULL,NULL,NULL,NULL,NULL,NULL,NULL,NULL,NULL,0.000000,NULL,0.000000,0.000000,Y,NULL,NULL,NULL,Y,NULL,NULL,NULL,NULL,NULL,NULL,NULL,NULL,NULL,NULL,NULL,NULL,NULL,NULL,Caizhou Kaiping Pasgo Plumbing,NULL,,NULL,NULL,NULL,NULL,N,Y,NULL,NULL,NULL,NULL,NULL,NULL,No,NULL,NULL,NULL,NULL
80362,Yidu Ouya Ceramics Co.Ltd,S,105,C,"RM 707,Vctoria Plaza NO.23 Hongmen Rd",NULL,NULL,NULL,00-86-13476990999,GANG,NULL,NULL,NULL,137.690000,0.000000,0.000000,0.000000,8,0.000000,0.000000,0.000000,N,NULL,N,0.000000,NULL,NULL,0,0,2,0.000000,0.000000,0.000000,0.000000,N,N,0.000000,0.000000,0,ת.ת. 30% מראש ו-70% עם ש.מ.,5,N,$,,137.570000,0.000000,N,NULL,NULL,"Jingzhou, Hubei",NULL,CN,NULL,NULL,IL,xie@ouyaceramics.com;xiong@ouyaceramics.com,NULL,13368011743,NULL,10,NULL,NULL,,NULL,P,N,N,N,N,N,N,N,N,N,N,N,N,N,N,N,Y,N,N,Y,N,N,N,N,N,N,N,N,N,N,N,N,N,N,N,N,N,N,N,N,N,N,N,N,N,N,N,N,N,N,N,N,N,N,N,N,N,N,N,N,N,N,N,N,N,NULL,2013-06-06 00:00:00.000,2025-01-26 00:00:00.000,NULL,-1,L,3,3,NULL,NULL,0.000000,I,0,NULL,-1,-1,dQgvFQRcXrqRAfvqeCxacg==,NULL,46,Y,N,NULL,NULL,Y,NULL,NULL,N,NULL,NULL,-1,-1,NULL,NULL,N,N,NULL,NULL,NULL,0,2,NULL,NULL,82000,NULL,NULL,NULL,NULL,NULL,N,NULL,11877,NULL,NULL,NULL,Y,Y,0,NULL,N,IL,N,NULL,NULL,N,NULL,N,NULL,10,NULL,-1,IL,36020099,707,NULL,-1,NULL,NULL,NULL,NULL,N,NULL,0.000000,NULL,NULL,NULL,NULL,NULL,NULL,N,NULL,N,NULL,NULL,NULL,C,NULL,NULL,NULL,NULL,NULL,Y,Y,N,NULL,NULL,NULL,NULL,NULL,NULL,NULL,NULL,NULL,NULL,NULL,NULL,NULL,Bill to,,NULL,1,1,NULL,NULL,1,NULL,N,NULL,NULL,NULL,NULL,NULL,N,NULL,NULL,NULL,D,NULL,N,N,NULL,A,NULL,1,12,NULL,420581798770759,N,B,Y,N,N,1,2,NULL,Y,NULL,NULL,NULL,NULL,NULL,BEASHKHH,N,NULL,NULL,NULL,NULL,NULL,49,NULL,NULL,3,NULL,NULL,L,N,N,NULL,NULL,NULL,NULL,NULL,N,NULL,NULL,NULL,NULL,NULL,NULL,NULL,NULL,NULL,NULL,NULL,NULL,NULL,NULL,9,NULL,N,NULL,NULL,NULL,Y,N,0,162832,NULL,NULL,NULL,NULL,NULL,NULL,NULL,NULL,NULL,NULL,NULL,NULL,NULL,NULL,NULL,NULL,D,I,NULL,N,N,N,NULL,NULL,NULL,NULL,Y,Y,N,NULL,NULL,N,N,N,N,NULL,4,NULL,NULL,NULL,NULL,NULL,NULL,NULL,NULL,NULL,N,NULL,NULL,NULL,NULL,N,NULL,0.000000,N,NULL,O,NULL,,G,N,8202,NULL,,NULL,NULL,NULL,NULL,NULL,NULL,NULL,NULL,50,NULL,NULL,0.000000,0.000000,Y,NULL,NULL,NULL,Y,NULL,NULL,NULL,NULL,NULL,NULL,NULL,NULL,NULL,NULL,NULL,NULL,NULL,NULL,Yidu Ouya Ceramics Co.Ltd,NULL,,NULL,NULL,NULL,NULL,N,Y,NULL,NULL,NULL,NULL,NULL,NULL,No,NULL,NULL,NULL,NULL
80463,Zhejiang ganghong decoration technology co LTD,S,105,C,-,NULL,NULL,NULL,NULL,NULL,NULL,Wendy,NULL,0.000000,0.000000,0.000000,0.000000,11,0.000000,0.000000,0.000000,N,NULL,N,0.000000,NULL,NULL,0,0,1,0.000000,0.000000,0.000000,0.000000,N,N,0.000000,0.000000,0,ת.ת. 60 יום מתאריך ש.מ.,-1,N,$,,0.000000,0.000000,N,NULL,NULL,NULL,NULL,IL,NULL,NULL,IL,NULL,NULL,355861509386,NULL,10,NULL,NULL,,NULL,P,N,N,N,N,N,N,N,N,N,N,N,N,N,N,N,Y,N,N,Y,N,N,N,N,N,N,N,N,N,N,N,N,N,N,N,N,N,N,N,N,N,N,N,N,N,N,N,N,N,N,N,N,N,N,N,N,N,N,N,N,N,N,N,N,N,NULL,2015-05-06 00:00:00.000,2023-10-09 00:00:00.000,NULL,52,L,1,4,NULL,NULL,0.000000,I,0,NULL,-1,-1,dQgvFQRcXrqRAfvqeCxacg==,NULL,46,Y,N,NULL,NULL,Y,NULL,NULL,N,NULL,NULL,-1,-1,NULL,NULL,N,N,,NULL,NULL,0,2,NULL,NULL,81000,NULL,NULL,NULL,NULL,NULL,N,NULL,35618,NULL,NULL,100,Y,Y,NULL,NULL,N,IL,N,NULL,NULL,N,NULL,N,NULL,10,NULL,-1,IL,36020099,707,NULL,-1,NULL,NULL,NULL,NULL,N,NULL,0.000000,NULL,NULL,NULL,NULL,NULL,NULL,N,NULL,N,NULL,NULL,NULL,C,NULL,NULL,NULL,NULL,NULL,Y,Y,N,NULL,NULL,,NULL,NULL,NULL,NULL,NULL,NULL,,NULL,NULL,NULL,Bill to,,NULL,1,1,NULL,NULL,1,NULL,N,NULL,NULL,NULL,NULL,NULL,N,NULL,NULL,NULL,D,NULL,N,N,NULL,A,NULL,1,164,NULL,330621580389189,N,B,Y,N,N,1,2,NULL,Y,NULL,NULL,NULL,NULL,NULL,BKCHCNBJ92D,NULL,NULL,NULL,NULL,NULL,NULL,49,NULL,NULL,3,NULL,NULL,L,N,N,NULL,NULL,NULL,NULL,NULL,N,NULL,NULL,NULL,NULL,NULL,NULL,NULL,NULL,NULL,NULL,NULL,NULL,NULL,NULL,9,NULL,N,NULL,NULL,NULL,Y,N,0,162601,NULL,NULL,NULL,NULL,NULL,NULL,NULL,NULL,NULL,NULL,NULL,NULL,NULL,NULL,NULL,NULL,D,I,NULL,N,N,N,NULL,NULL,NULL,NULL,Y,Y,N,NULL,NULL,N,N,N,N,NULL,2,NULL,NULL,NULL,NULL,NULL,NULL,NULL,NULL,NULL,N,NULL,NULL,NULL,NULL,N,NULL,0.000000,N,NULL,O,NULL,NULL,G,N,8204,NULL,NULL,NULL,NULL,NULL,NULL,NULL,NULL,NULL,NULL,27,NULL,NULL,0.000000,0.000000,Y,NULL,NULL,NULL,Y,NULL,NULL,NULL,NULL,NULL,NULL,NULL,NULL,NULL,NULL,NULL,NULL,NULL,NULL,Zhejiang ganghong decoration t,NULL,,NULL,NULL,NULL,NULL,N,Y,NULL,NULL,NULL,NULL,NULL,NULL,No,NULL,NULL,NULL,NULL
80430,Kaiping Himark Sanitary Ware Co. Ltd,S,105,C,NULL,NULL,NULL,NULL,NULL,NULL,NULL,NULL,NULL,0.000000,0.000000,0.000000,0.000000,11,0.000000,0.000000,0.000000,N,NULL,N,0.000000,NULL,NULL,NULL,NULL,2,0.000000,0.000000,0.000000,0.000000,N,N,0.000000,0.000000,0,NULL,-1,N,$,,0.000000,0.000000,N,NULL,NULL,NULL,NULL,IL,NULL,NULL,IL,NULL,NULL,NULL,NULL,NULL,NULL,NULL,NULL,Kaiping City China Trade Import And Export Co L.T.D,P,N,N,N,N,N,N,N,N,N,N,N,N,N,N,N,N,N,N,N,N,N,N,N,N,N,N,N,N,N,N,N,N,N,N,N,N,N,N,N,N,N,N,N,N,N,N,N,N,N,N,N,N,N,N,N,N,N,N,N,N,N,N,N,N,NULL,2015-01-25 00:00:00.000,2018-06-22 00:00:00.000,NULL,52,L,0,0,NULL,NULL,0.000000,I,0,NULL,-1,-1,/aJkEu9+xYoUrzxQe1zMCw==,NULL,46,Y,N,NULL,NULL,Y,NULL,NULL,N,NULL,NULL,-1,-1,NULL,NULL,N,N,NULL,NULL,NULL,0,2,NULL,NULL,81000,NULL,NULL,NULL,NULL,NULL,N,NULL,32014,NULL,NULL,100,Y,Y,0,NULL,N,IL,N,NULL,NULL,N,NULL,N,NULL,10,NULL,-1,IL,36020099,707,NULL,-1,NULL,NULL,NULL,NULL,N,NULL,0.000000,NULL,NULL,NULL,NULL,NULL,NULL,N,NULL,N,NULL,NULL,NULL,C,NULL,NULL,NULL,NULL,NULL,Y,Y,N,NULL,NULL,NULL,NULL,NULL,NULL,NULL,NULL,NULL,,NULL,NULL,NULL,NULL,NULL,NULL,1,1,NULL,NULL,NULL,NULL,N,NULL,NULL,NULL,NULL,NULL,N,NULL,NULL,NULL,D,NULL,N,N,NULL,A,NULL,1,12,NULL,NULL,N,B,Y,N,N,1,NULL,NULL,Y,NULL,NULL,NULL,NULL,NULL,NULL,NULL,NULL,NULL,NULL,NULL,NULL,49,NULL,NULL,3,NULL,NULL,L,N,N,NULL,NULL,NULL,NULL,NULL,N,NULL,NULL,NULL,NULL,NULL,NULL,NULL,NULL,NULL,NULL,NULL,NULL,NULL,NULL,9,NULL,N,NULL,NULL,NULL,Y,N,0,145703,NULL,NULL,NULL,NULL,NULL,NULL,NULL,NULL,NULL,NULL,NULL,NULL,NULL,NULL,NULL,NULL,D,I,NULL,N,N,N,NULL,NULL,NULL,NULL,Y,Y,N,NULL,NULL,N,N,N,N,NULL,1,NULL,NULL,NULL,NULL,NULL,NULL,NULL,NULL,NULL,N,NULL,NULL,NULL,NULL,N,NULL,0.000000,N,NULL,O,NULL,NULL,G,N,NULL,NULL,NULL,NULL,NULL,NULL,NULL,NULL,NULL,NULL,NULL,NULL,0.000000,NULL,0.000000,0.000000,Y,NULL,NULL,NULL,Y,NULL,NULL,NULL,NULL,NULL,NULL,NULL,NULL,NULL,NULL,NULL,NULL,NULL,NULL,Kaiping Himark Sanitary Ware C,NULL,,NULL,NULL,NULL,NULL,N,Y,NULL,NULL,NULL,NULL,NULL,NULL,No,NULL,NULL,NULL,NULL
80445,Hangzhou Boray Import And Export Co L.T.D,S,105,C,NULL,NULL,NULL,NULL,NULL,NULL,NULL,NULL,NULL,-92.980000,0.000000,0.000000,0.000000,11,0.000000,0.000000,0.000000,N,NULL,N,0.000000,NULL,NULL,NULL,NULL,2,0.000000,0.000000,0.000000,0.000000,N,N,0.000000,0.000000,0,NULL,-1,N,$,,-92.980000,-0.930000,N,NULL,NULL,NULL,NULL,IL,NULL,NULL,IL,NULL,NULL,NULL,NULL,NULL,NULL,NULL,NULL,NULL,P,N,N,N,N,N,N,N,N,N,N,N,N,N,N,N,N,N,N,N,N,N,N,N,N,N,N,N,N,N,N,N,N,N,N,N,N,N,N,N,N,N,N,N,N,N,N,N,N,N,N,N,N,N,N,N,N,N,N,N,N,N,N,N,N,NULL,2015-01-25 00:00:00.000,2018-11-26 00:00:00.000,NULL,52,L,0,0,NULL,NULL,0.000000,I,0,NULL,-1,-1,/aJkEu9+xYoUrzxQe1zMCw==,NULL,46,Y,N,NULL,NULL,Y,NULL,NULL,N,NULL,NULL,-1,-1,NULL,NULL,N,N,NULL,NULL,NULL,0,2,NULL,NULL,81000,NULL,NULL,NULL,NULL,NULL,N,NULL,32003,NULL,NULL,100,Y,Y,NULL,NULL,N,IL,N,NULL,NULL,N,NULL,N,NULL,10,NULL,-1,IL,36020099,707,NULL,-1,NULL,NULL,NULL,NULL,N,NULL,0.000000,NULL,NULL,NULL,NULL,NULL,NULL,N,NULL,N,NULL,NULL,NULL,C,NULL,NULL,NULL,NULL,NULL,Y,Y,N,NULL,NULL,NULL,NULL,NULL,NULL,NULL,NULL,NULL,,NULL,NULL,NULL,NULL,NULL,NULL,1,1,NULL,NULL,NULL,NULL,N,NULL,NULL,NULL,NULL,NULL,N,NULL,NULL,NULL,D,NULL,N,N,NULL,A,NULL,1,142,NULL,NULL,N,B,Y,N,N,1,NULL,NULL,Y,NULL,NULL,NULL,NULL,NULL,NULL,NULL,NULL,NULL,NULL,NULL,NULL,49,NULL,NULL,3,NULL,NULL,L,N,N,NULL,NULL,NULL,NULL,NULL,N,NULL,NULL,NULL,NULL,NULL,NULL,NULL,NULL,NULL,NULL,NULL,NULL,NULL,NULL,9,NULL,N,NULL,NULL,NULL,Y,N,0,122610,NULL,NULL,NULL,NULL,NULL,NULL,NULL,NULL,NULL,NULL,NULL,NULL,NULL,NULL,NULL,NULL,D,I,NULL,N,N,N,NULL,NULL,NULL,NULL,Y,Y,N,NULL,NULL,N,N,N,N,NULL,1,NULL,NULL,NULL,NULL,NULL,NULL,NULL,NULL,NULL,N,NULL,NULL,NULL,NULL,N,NULL,0.000000,N,NULL,O,NULL,NULL,G,N,NULL,NULL,NULL,NULL,NULL,NULL,NULL,NULL,NULL,NULL,NULL,NULL,0.000000,NULL,0.000000,0.000000,Y,NULL,NULL,NULL,Y,NULL,NULL,NULL,NULL,NULL,NULL,NULL,NULL,NULL,NULL,NULL,NULL,NULL,NULL,Hangzhou Boray Import And Expo,NULL,,NULL,NULL,NULL,NULL,N,Y,NULL,NULL,NULL,NULL,NULL,NULL,No,NULL,NULL,NULL,NULL
80780,New Life Furniture,S,101,C,-,NULL,NULL,NULL,NULL,NULL,09-2980503,משרד,NULL,-93744.200000,0.000000,172593.270000,199787.980000,11,0.000000,6000.000000,0.000000,Y,562326645,N,0.000000,NULL,NULL,NULL,NULL,2,0.000000,0.000000,172593.270000,199787.980000,N,N,0.000000,0.000000,0,NULL,-1,N,₪,,-93744.200000,0.000000,N,056-2811811,NULL,מסחה,NULL,PS,NULL,NULL,IL,nehaya@newlifefurnature.com,NULL,NULL,NULL,-1,NULL,NULL,,NULL,P,N,N,N,N,N,N,N,N,N,N,N,N,N,N,N,N,N,N,N,N,N,N,N,N,N,N,N,N,Y,Y,N,N,N,N,N,N,N,N,N,N,N,N,N,N,N,N,N,N,N,N,N,N,N,N,N,N,N,N,N,N,N,N,N,N,NULL,2020-10-19 00:00:00.000,2024-01-02 00:00:00.000,NULL,52,L,0,0,NULL,NULL,0.000000,I,0,NULL,-1,-1,/aJkEu9+xYoUrzxQe1zMCw==,NULL,174,Y,Y,NULL,NULL,N,NULL,NULL,N,NULL,NULL,-1,-1,NULL,NULL,N,N,,NULL,NULL,0,2,NULL,-1,81000,NULL,NULL,NULL,NULL,NULL,N,NULL,149551,NULL,NULL,-1,Y,Y,0,NULL,N,IL,N,NULL,NULL,N,NULL,N,NULL,10,NULL,-1,IL,0736020099,70711,NULL,-1,NULL,NULL,NULL,NULL,N,NULL,0.000000,NULL,NULL,NULL,NULL,NULL,NULL,N,NULL,N,NULL,NULL,NULL,C,NULL,NULL,NULL,NULL,NULL,Y,Y,N,NULL,NULL,,NULL,NULL,NULL,NULL,NULL,NULL,,NULL,NULL,NULL,מסחה,NULL,NULL,1,4,NULL,NULL,NULL,NULL,N,NULL,NULL,NULL,NULL,NULL,N,NULL,NULL,NULL,D,NULL,N,N,NULL,A,NULL,1,164,NULL,562326645,N,B,Y,N,N,1,NULL,NULL,Y,NULL,NULL,NULL,NULL,NULL,NULL,NULL,NULL,NULL,NULL,NULL,NULL,49,NULL,NULL,3,NULL,NULL,L,N,N,NULL,NULL,NULL,NULL,NULL,N,NULL,NULL,NULL,NULL,NULL,NULL,NULL,NULL,NULL,NULL,NULL,NULL,NULL,NULL,9,NULL,N,NULL,NULL,0.000000,Y,N,152214,151603,NULL,NULL,NULL,NULL,NULL,NULL,NULL,NULL,NULL,NULL,NULL,NULL,NULL,NULL,NULL,NULL,D,I,NULL,N,N,N,NULL,NULL,NULL,NULL,Y,Y,N,NULL,NULL,N,N,N,N,NULL,1846,NULL,NULL,NULL,NULL,NULL,NULL,NULL,NULL,NULL,N,NULL,NULL,NULL,NULL,N,NULL,0.000000,N,NULL,O,NULL,NULL,G,N,NULL,NULL,NULL,NULL,NULL,NULL,NULL,NULL,NULL,NULL,NULL,NULL,0.000000,NULL,6000.000000,0.000000,Y,NULL,N,N,Y,NULL,NULL,NULL,N,N,NULL,NULL,NULL,NULL,NULL,NULL,0.000000,NULL,NULL,New Life Furniture,N,,NULL,NULL,NULL,NULL,N,Y,NULL,NULL,NULL,NULL,NULL,NULL,No,NULL,NULL,NULL,NULL
