CardCode,CardName,GroupCode,Address,ZipCode,MailAddres,CntctPrsn,City
50103,בית הקרמיקה יבנה,117,ת.ד 479,NULL,העמל 3,NULL,יבנה
50689,מ.דוכי עכו בעמ,130,ת.ד 2527,NULL,משמר הים 1 א.תעשייה דרום-עכו,גיול,עכו
50277,מפעלי אחים עאמר מרצפות ושיש בעמ,130,ת.ד 192,24914,אזור תעשיה,עאמר ת.משלוח,פקיעין
50144,הום  סנטר דיזינגוף,114,טוליפמן 7,NULL,דיזינגוף 50,NULL,ראשון לציון
50247,כלבו לבנין בעמ מאיר המהיר בעמ,103,קיבוץ גליות 31,NULL,קיבוץ גלויות 31,NULL,תל אביב
50319,קרמיק סיטי שיווק בעמ,103,ת.ד 136,90380,הברוש 2 בית נקופה,NULL,מושב בית נקופה
50555,א.ש.ס שיווק אינסטלציה בעמ,109,מושב מבקיעים,NULL,מושב מבקיעים,איש קשר,מושב מבקיעים
50209,אליצור טופולסקי בעמ,109,הפרסה 2 א.ת תלפיות,9342262,עצמונה 2 א.ת מישור אדומים,מייל הזמנות,ירושלים
50283,מרכז הקרמיקה פולינוי בעמ (חנות ),109,הרצל 118,NULL,שד' הרצל 118,"פולינוי תמ""ש יומיות",רמלה
50583,חבוש בעמ - סניף כפר יונה,103,א.ת קדימה/צורן,60920,הרצל 9,NULL,NULL
50361,קמחי קרמיקה בעמ,109,ת.ד 2094,84872,עמק שרה,NULL,באר שבע
50147,הום  סנטר חיפה מפרץ,114,טוליפמן 7,26115,האצטדיון 1,NULL,ראשון לציון
50638,מולטי ריטייל גרופ בעמ - חיפה צ'ק פוסט סניף 028,123,גליס 9 צומת סגולה,NULL,מתחם פרופיט המרכבה פינת הקישור  א.ת,מחסן,פתח תקווה
50366,קרמיק דיפו (בש ),113,ת.ד 2195,84874,באר שבע,"תמ""ש",באר שבע
50528,נגב קרמיקה נצרת,113,NULL,NULL,כביש עוקף נצרת,NULL,NULL
50152,הום  סנטר כרמל,114,טוליפמן 7,NULL,חיפה כרמל אתר שער הכרמל,NULL,ראשון לציון
50614,טופז קרמיקה -חולון,110,עקיבא 31,NULL,עקיבא 31,NULL,חולון
50660,חזיבנק - טופולסקי פרויקטים מסחריים בעמ,123,סמ' התבור 2,NULL,סמ' התבור 2,NULL,פתח תקווה
50623,רוברט זיתונה (חיוב מתקין),128,ת.ד 22706,NULL,שמחה הולצברג 1,NULL,"ת""א"
50069,מולטי ריטייל גרופ בעמ - שילת סניף 31,123,גליס 9 צומת סגולה,NULL,-,מייל בירור הזמנות,פתח תקווה
50143,הום  סנטר געש,114,טוליפמן 7,NULL,-,NULL,ראשון לציון
50303,סגל קרמיק,103,-,22809,מושב בן עמי 33,NULL,מושב בן עמי 33
50717,כדורי אלון,103,מרטין בובר 7,NULL,מרטין בובר 7,NULL,פתח תקווה
50193,זיסו ובניו,109,השחרור 5,3901712,השחרור 5,NULL,טירת כרמל
50382,קרמיקה חלמיש,103,"""ר""""ח לח""""י 31 א.ת""",51200,בני ברק,מייל תעודות משלוח,בני ברק
50388,קרמיקה שרוני בעמ,103,התערוכה 3,NULL,שדלובסקי 7,NULL,תל אביב
50420,שרה קרמיקה יבוא והפצה,117,חלוצי התעשיה 17 א.ת,NULL,חלוצי התעשיה 17 א.ת,NULL,ק. מלאכי
50424,תצוגת הבית החדש בעמ,109,ת.ד 110,16955,כפר יפיע,מייל גיול,כפר יפיע
50576,קרמיקה ביג,109,ת.ד 1150,20190,נחף,בעלים,מגדאל קרום
50206,חסון פ.ע מסחר 1997 בעמ,109,קהילת ציון 19 -אזור תעשיה,1830119,קהילת ציון 19 -אזור תעשיה,קסלסי,עפולה
50269,מור תקרות אקוסטיות ומחיצות גבס,109,ת.ד 2201,NULL,המלאכה בניין סולל בונה א.ת,מייל גיול,רעננה
50523,נגב קרמיקה רמת גן,113,NULL,NULL,הלחי 28,NULL,NULL
50600,מנהטן עיצובים ומעצבים בעמ,117,הרואה 7,NULL,הרואה 7,איש קשר,רמת גן
50522,סופר קרמיק חיפה,120,NULL,NULL,מרקוני 20,NULL,NULL
50255,מ.ש קרמיקה בעמ,109,דוד אלעזר 107,NULL,דוד אלעזר 107,גיול,אור יהודה
50624,קרמיקה סנטר,109,ת.ד 4113,NULL,א.ת ירכא,NULL,ירכא
50104,בית מסחר האואר חומרי בנין,109,דבורה 3,2636311,דבורה 3,גיול,קרית מוצקין
50699,לקוחות מזדמנים רוג'ר,130,ת.ד 282,NULL,לב הארץ,הזמנה לא תקינה,ראש העין
70008,שלומי גבאי,107,רבקה גובר 7,NULL,NULL,NULL,פתח תקוה
50637,הום  סנטר שפיים,114,טוליפמן 7,NULL,-,NULL,ראשון לציון
50073,מולטי ריטייל גרופ בעמ - שפיים סניף 63,123,גליס 9 צומת סגולה,NULL,קבוץ שפיים,מחסן,פתח תקווה
50411,שיפוצי אנדרי,103,אייזיק חריף 30,NULL,אייזיק חריף 30,NULL,יפו
70032,עודד אליהו,107,חיל אויר 25 דירה 8 קומה 2,NULL,NULL,NULL,ירושלים
50258,מאיר ברבי,109,עמק זבולון 24,NULL,עמק זבולון 24,קליטת הזמנות,מודיעין
50315,סמרה השקעות בינלאומיות  בעמ,110,ת.ד 12666,46733,-,NULL,הרצליה
50233,י.ד דקל קרמיקה בעמ,103,קיבוץ גבעת ברנר,60948,קיבוץ גבעת ברנר,NULL,צומת בילו
50463,יהלום הבית פור יו,123,אבנר 3,NULL,אבנר 3,גיול,חולון
50563,אלעורי חברה למסחר והשקעה בעמ,109,NULL,NULL,ת.ד. 21448,NULL,NULL
50088,אמין קסם,109,ת.ד 4223,4491500,-,NULL,טירה
50707,קרמיק דיפו (כפר עציון),113,NULL,NULL,-,סטטוס הזמנות,NULL
50212,טופליין-יבוא ושווק בעמ,109,אלכסנדר ינאי 2,4927702,"האירוס  פינת הרקפת אזור תעש""ה נחשונים",מייל גיול,סגולה פתח תקווה
50189,ו.ש.א מסחר בעמ,109,ת.ד 1,4060050,השיזף 3,תעודת משלוח,תל מונד
50094,סטודיו אריאל,103,כפר טרומן 16,7315000,כפר טרומן 17,NULL,כפר טרומן
50492,לקוחות משרד רוג'ר,107,ת.ד 282,NULL,NULL,NULL,ראש העין
50407,שופינג לבניין בעמ,117,ת.ד 2222,NULL,נצרת עילית,NULL,נצרת עילית
50341,פז קרמיקה בעמ,117,יגאל אלון 6,NULL,יגאל אלון 6,NULL,תל אביב
50105,בלוק היוצר ( ניסים ח. ביניין),103,ראש פינה 31,NULL,ראש פינה 31,NULL,תל אביב
50582,יעקב חרש בעמ  -נתניה,131,הבנאי 12,NULL,האומנות 12,"מייל תמ""ש",חולון
50062,מולטי ריטייל גרופ בעמ - פתח תקוה ירקונים סניף 59,123,גליס 9 צומת סגולה,NULL,ירקונים 58,מחסן,פתח תקווה
50037,מולטי ריטייל גרופ בעמ - טבריה פוריה סניף 30,123,גליס 9 צומת סגולה,NULL,המברג 1 צומת פוריה,מחסן,פתח תקווה
50381,קרמיקה חביב,109,ת.ד 290,NULL,תחנת הרכבת 8,NULL,נתניה
50148,הום  סנטר טבריה,114,טוליפמן 7,NULL,יהודה הלוי 2 מרכז דנילוב,NULL,ראשון לציון
70015,ק,107,א.ת שילת,73188,א.ת שילת,NULL,NULL
50336,עמוסי -נגר יבוא ושווק עוגן בעמ,109,רננים 7 א.ת,NULL,רננים 7 א.ת,גיול,רעננה
50571,הום סנטר נס ציונה,114,טוליפמן 7,NULL,הפטיש 6,NULL,ראשון לציון
50265,מודי יבוא ושווק קרמיקה בעמ( בני ברק),111,הלחי 31,51200,הלחי 31,NULL,בני ברק
50278,מפעלי אחים עאמר מרצפות ושיש בעמ (עכו),109,ת.ד 192,24914,עכו,"מייל תמ""ש",פקיעין
70016,זהר שמחי,107,-,NULL,לא ידוע,NULL,-
50525,נגב קרמיקה ראשון לציון,113,NULL,NULL,יצחק בן צבי 30,NULL,NULL
50396,רמי . ר מחסני הקרמיקה  בעמ,103,התחיה 24( אספקה לתחיה בלבד ),68169,התחיה 24,NULL,יפו
50545,יהלום הבית,103,האצל 4,NULL,המלאכה 63,גילי,ראשון לציון
50714,מולטי ריטייל גרופ בעמ - יריד חבר - סניף 7,123,ספיר 1,7570460,ספיר 1,אורן,ראשון לציון
50543,נ.א מקלחונים,103,שדרות ירושליים 221,NULL,שדרות ירושליים 221,NULL,תל אביב
50999,לקוחות דלפק,107,NULL,NULL,NULL,NULL,NULL
50180,הום סנטרבעמ סגולה פתח תקווה,114,טוליפמן 7,NULL,בן ציון 32,NULL,ראשון לציון
50317,סמרה  תא-יהודה סמרה,109,ת.ד 12666,46733,המלך גורג' 56,אשת קשר,הרצליה
50032,אזיקרי עיצובים בעמ,117,האצל 9 (דואר מזל אליעזר 5),NULL,האצל 9 (דואר מזל אליעזר 5),NULL,ראשון לציון
50568,גליקמן צנרת בעמ,109,ת.ד 9185,31091,חטיבת גולני 50,גליקמן גיול,חיפה
50697,מחסני זקאק,109,יהודה הימית 71,NULL,יהודה הימית 71,גיול,"ת""א- יפו"
50390,ר.מ.א קרמיקה בעמ,109,(ת.ד 1104),NULL,היוצרים 19 א.ת כרמיאל,"מייל תמ""ש",כרמיאל
50352,צ. מחסני קרמיקה בעמק בעמ (עפולה ),110,חטיבת תשע 22,NULL,חטיבת תשע 22,NULL,עפולה
50683,מרזוק עאמר בעמ,103,ת.ד 484,25155,ת.ד 484,NULL,כפר חרפוש
50207,טובול קרמיקה בעמ (פרויקטים),113,הבנאי 7 ת.ד 4070,7178366,-,שירות,מודיעין
50596,אליהו מזרחי חומרי בניין בעמ,109,ההגנה 47 א',NULL,ההגנה 47 א',בעל העסק,תל אביב
50657,י.ע.גרוס - חברה לעבודות בניין (1992) בעמ,123,רמז 26,5521226,NULL,NULL,קריית אונו
50141,הום סנטר בני ברק,114,טוליפמן 7,NULL,מבצע קדש 68,NULL,ראשון לציון
50208,טופולסקי ושות' בעמ,113,-,3006500,-,כלנית,קבוץ יגור
50060,מולטי ריטייל גרופ בעמ - נס ציונה סניף 4,123,גליס 9 צומת סגולה,NULL,הפטיש 6,מחסן,פתח תקווה
50009,א.י.ס אדור בעמ,103,אליעזר מזל 9/8 פינת סחורוב,7565323,אליעזר מזל 9/8 פינת סחורוב,NULL,ראשון לציון
50194,חבוש בעמ,103,רחוב המתכת 2,6092000,-,NULL,א.ת קדימה/צורן
50237,יבוא ויצוא סובב עולם,103,פרקשטיין 30 קרית משה,NULL,-,NULL,ירושלים
50324,עדן קרמיק ליין בעמ,109,ת.ד 2638,NULL,העבודה 27 א.ת הקלה,יורם/דדי,אשדוד
50145,הום  סנטר הרצליה,114,טוליפמן 7,NULL,שד' 7 הכוכבים 8,NULL,ראשון לציון
50067,מולטי ריטייל גרופ בעמ - רעננה סניף 47,123,גליס 9 צומת סגולה,NULL,הסדנא 2,מחסן,פתח תקווה
50444,יעקב חרש בעמ באר שבע,131,הבנאי 12,NULL,-,"מייל תמ""ש",חולון
50604,רוברט ורודני מקלחונים,107,ת.ד 22706,NULL,שמחה הולצברג 1,NULL,"ת""א"
50509,הרמוניקה,117,"קק""ל 66/2 חדרה",38306,הנגב 21,איש קשר,חדרה
50616,אלון וישניה בעמ,123,דרך המכבים 46,NULL,"נחמיה תמרי 12, קומה 4, דירה 10",איש קשר,ראשון לציון
50656,יעקב חרש בעמ -קריית גת,131,הבנאי 12,NULL,רח' כסלו 15,מייל הזמנות,חולון
50670,טובול קרמיקה בעמ (תלפיות),113,הבנאי 7 ת.ד. 4070,71706,התעשייה 5,אודליה,מודיעין
50162,הום  סנטר עכו קניון 58,114,טוליפמן 7,NULL,קניון עכו,NULL,ראשון לציון
70014,חינאוי ניקולה 1995 בע,107,יפת 176,NULL,קברניט 12,NULL,יפו
50325,עוז מחסני קרמיקה בית שמש,117,העליה 1,NULL,העליה 1,NULL,בית שמש
50091,אפרסק קרמיקה - אורן,130,דרך המכבים 37,NULL,דרך המכבים 37,"מייל תמ""ש",ראשון לציון
50530,נגב קרמיקה חדרה,113,NULL,NULL,קומבה 10,NULL,NULL
50345,פריד מאיר (אשדוד),103,היצירה 8,NULL,העבודה 9,NULL,רמלה
50671,א.ג. נגרות ובנייה בעמ,123,תל גיבורים 7,NULL,תל גיבורים 7,אנדרה,תל אביב - יפו
50610,יניב קרמיקה בעמ,109,משק 14 ת.ד 14,NULL,משק 14,גיול,כפר טרומן
50675,אלמוג מוביל (לאון לוי ),103,נחמיה 2,NULL,NULL,NULL,ראשון לציון
50692,פורצלנו סחר בעמ,103,אהליאב 3 רוממה,NULL,אהליאב 3 רוממה,מייל גיול,ירושלים
50093,ארוסי מבנים בעמ,117,גזית 5 א.ת סגולה,NULL,גזית 5 א.ת סגולה,NULL,פתח תקווה
50044,מולטי ריטייל גרופ בעמ - אשדוד סניף 44,123,גליס 9 צומת סגולה,NULL,זבוטינסקי 39,מייל לבירור הזמנות,פתח תקווה
50019,אביב כלבו לבנין (1999) בעמ,109,( ת.ד 15226),7705102,האורגים 33,דוח הזמנות,אשדוד
50066,מולטי ריטייל גרופ בעמ - לוד סניף 69,123,גליס 9 צומת סגולה,NULL,צופית 40,מייל בירור הזמנות,פתח תקווה
50018,אבי שרון קרמיקה,109,בן צבי 45,7563344,בן צבי 45,הזמנה לא תקינה,ראשון לציון
50262,מודי יבוא ושווק קרמיקה בעמ  ( כפר מלל),111,הלחי 31,NULL,כפר מלל,NULL,בני ברק
50065,מולטי ריטייל גרופ בעמ - רחובות בילו סניף 51,123,גליס 9 צומת סגולה,NULL,"""ביל""""ו סנטר קרית עקרון""",מייל בירור הזמנות,פתח תקווה
70007,נלה ביטון,107,בר אילן 14 דירה 11,NULL,NULL,NULL,רמלה
50415,שיש ציוטלי בעמ,109,( ת.ד 10509),26119,שד ההסתדרות 198,ציוטלי ת.משלוח,מפרץ חיפה
50057,א . ישראלי,103,הרצל 67,6655203,הרצל 67,NULL,"ת""א"
50541,חבוש בעמ,117,א.ת קדימה 14599,6092000,פנחס לבון 18,NULL,נתניה
50296,ניסים פרג'ון מסחר 2000 נ.פ בעמ,117,הפלדה 11 א.ת הישן,NULL,נתניה,"מייל תמ""ש",נתניה
50591,קבוצת המרכז אבייט בעמ -אריחים,103,א.תעשיה חצור הגלילית,NULL,א.תעשיה חצור הגלילית,בעל העסק,חצור הגלילית
50613,עוז שטרן בעמ,103,העליה 1,NULL,העליה 1,עוז שטרן גיול חובות,בית שמש
50286,מרכז קרמיקה שפרעם בעמ,109,גבור גבור 45,20200,גבור גבור 45,מייל גיול,שפרעם
50221,טרבלסי שיווק בעמ (ק.גת),117,מושב בית הגדי 70,8538500,אדר 6,רפי,NULL
50552,עודה התקנות (חיוב מתקין),128,ת.ד 1570,NULL,ת.ד 1570,NULL,כפר קאסם
50061,מולטי ריטייל גרופ בעמ - נתניה-פולג סניף 75,123,גליס 9 צומת סגולה,NULL,גיבורי ישראל 5,מייל בירור הזמנות,פתח תקווה
50464,חזי מיכאל אאוטלט בעמ,109,התחיה 24,6816927,התחיה 24,1,תל אביב - יפו
50171,הום  סנטר תלפיות,114,טוליפמן 7,NULL,פייר קנינג א.ת תלפיות,מייל מנהל תלפיות,ראשון לציון
50146,הום סנטר חדרה,114,טוליפמן 7,NULL,רח' קומבה 29,NULL,ראשון לציון
50182,היחידה לאחזקה בעמ,109,ישראל  פולק 31,NULL,ישראל  פולק 31,רמי - מחסן,קרית גת
50257,מ.שאולוף ובניו בעמ (תלפיות),103,ת.ד. 5116,NULL,הסדנא 9 תלפיות,מייל גיול,ירושלים
70003,ארז סלע,107,הרב קוק 8,NULL,NULL,NULL,אופקים
50521,סופר קרמיק אשדוד,120,NULL,NULL,האורגים 2,NULL,NULL
50676,אמיר שרון (חיוב מתקין ),128,NULL,NULL,-,NULL,NULL
50287,מרצפות סלע בעמ,109,צומת סלע א.ת סגולה,49277,צומת סלע א.ת סגולה,מרצפות גיול,פתח תקווה
50343,פישל קרמיקה בעמ,109,שוקן 27,NULL,"אבולעפיה 37 (לרשום בוויז חניון אבולעפיה ת""א )",פישל גיול,תל אביב
70018,ברק יצחקי,107,האירוס 23,NULL,לא ידוע,אבישג,אליכין
50008,א.ד שפע קרמיקה בעמ,109,אסרף אברהם  רח ההגנה 7/6,2701611,-,מייל,קרית ביאליק
50329,עיצוב הקרמיקה והפסיפס,103,הבנאי 15,58853,הבנאי 15,NULL,חולון
50220,טרבלסי שיווק בעמ (נתיבות),117,מושב בית הגדי 70,8538500,מושב בית הגדי,אביבה,NULL
50672,גילי מנחם,117,אבנר 3,NULL,אבנר 3,NULL,חולון
50310,סופר קרמיק 2000בעמ בני ברק),120,נחשון 37,49222,-,NULL,פתח תקווה
50138,הום  סנטר אשקלון,114,טוליפמן 7,NULL,-,NULL,ראשון לציון
50511,אלעד קרמיקה בעמ,117,ניסים אלוני 17 דירה 903,NULL,הבנאים 10,NULL,תל אביב
50028,אור רום סחר קרמיקה וכלים סנטריים בעמ,117,ההדס 4,3060000,ההדס 4,גיול,אור עקיבא
50041,מולטי ריטייל גרופ בעמ - עפולה סניף 46,123,גליס 9 צומת סגולה,NULL,מרכז מסחרי עמק סנטר עפולה,מייל בירור הזמנות,פתח תקווה
50151,הום  סנטר כרמיאל,114,טוליפמן 7,NULL,החרושת 14 א.ת,אורית קלדנית 052-4697032,ראשון לציון
50440,א.ק אחזקות אמירם קטן (חיוב מתקין ),128,זלמן ארן 36/3 חולון,NULL,NULL,1,חולון
50108,בני פלח בעמ,109,בן צבי 35,NULL,בן צבי 35,תעודת משלוח,ראשון לציון
50131,סיני קרמיקה ועיצובים בעמ,109,בית הדפוס 16,NULL,בית הדפוס 16,דודי,גבעת שאול ירושלים
50134,הום  סנטר אופקים,114,טוליפמן 7,NULL,יהדות דרום אפריקה 14,NULL,ראשון לציון
50609,זלצמן גולד בעמ {גולד גלאס},109,ת.ד 2524,40300,קיבוץ ברקאי - מפעל פוליאון,איש קשר,כפר יונה
50708,גנאמי סברי,130,-,3010000,רחוב אלסראט,סברי,באקה אל-גרביה
50154,הום  סנטר  שדרות,114,טוליפמן 7,NULL,סמטת הפלדה 5 פרץ סנטר שדרות,NULL,ראשון לציון
50560,קרמיק דיפו (טירה),113,טירה,NULL,"""הלח""""י 4 B מתחם G 1""",NULL,NULL
50360,קורל סלמאן יהודה אחזקות,103,ת.ד 8564,56312,פטרסון 2 יד אליהו,NULL,יהוד
50178,הום סנטר ראשון לציון,114,טוליפמן 7,NULL,"הלח""""י 4 א.ת חדש",NULL,ראשון לציון
50314,סמיר טנוס בעמ,109,ת.ד 342,2510500,כפר מכר,מייל גיול,כפר מכר
50259,סטודיו מאיר קרמיקה,109,גרינבוים 41,NULL,גרינבוים 41,גיול חובות,תל אביב
50217,טיפה קרמיקה,103,נחום חת 5,3508504,נחום חת 5,NULL,חיפה
50071,מולטי ריטייל גרופ בעמ - תא סינרמה סניף 67,123,גליס 9 צומת סגולה,NULL,יגאל אלון 59,מייל בירור הזמנות,פתח תקווה
50423,דיאמונד {טופיק ואנג'לינה נג'ר},103,אבינרי יצחק 4,NULL,יצחק אבנרי 4,אנג'לינה ת.משלוח,יפו
50410,שיפוני מחסן קרמיקה,109,ת.ד 13377 -,NULL,פינקס 41,NULL,נתניה
60656,מייקל חמאתי,123,-,NULL,המגדלאור 15,NULL,-
50405,ש.ש. צנרת דרום - חברה למסחר בעמ,109,ת.ד 339,NULL,המרכבה 27,"צנרת תמ""ש יומיות",אשקלון
50636,אביטל וולסייל טרייד קומפני בעמ (לא פעיל),109,בן צבי 41,NULL,בן צבי 41,"אביטל תמ""ש יומיות",ראשון לציון
50038,קרמיקה ריאן בעמ,109,גבעה הצרפתית ת.ד 49488,9149401,הגבעה הצרפתית ת.ד. 49488,"מייל תמ""ש",ירושלים
50643,היבואן י.ש. בעמ,110,הפלס 5,8489205,הפלס 5,אבי,באר שבע
50351,צ. מחסני קרמיקה בעמק בעמ(לא פעיל),109,המעפילים 4,NULL,המעפילים 4 עיר גנים,NULL,קריית אתא
50055,שיש אלוני בעמ,113,ת.ד 33,6099000,המחשב 1,שחר,שפיים
50654,ש. קמחי בעמ,109,הפלס 24,NULL,הפלס 9,גבי קמחי,באר שבע
50512,עיצוב הבית-דני,117,החריש 20,NULL,החריש 20,קשר,עמק חפר
50118,גליל קרמיקה,103,פלג 9,4285000,הפלג 9,מייל גיול,בארותיים
50020,אביטל דיזיין,110,דרך בן צבי 41,NULL,יצחק בן צבי 41,NULL,ראשון לציון
50473,עוז מחסני הקרמיקה מקלחונים,103,NULL,NULL,NULL,NULL,NULL
50012,א.ס ריצופים בעמ,103,משה אביב 14,6037136,משה אביב 14,גיול חובות,אור יהודה
50437,יעקב מזרחי,117,ההגנה 47,NULL,ההגנה 47,NULL,"ת""א"
50570,מ.ב חברה לבנין והנדסה בעמ {אורי אביב},107,ת.ד 22706,NULL,אבן גבירול 65,NULL,"ת""א"
50056,מולטי ריטייל גרופ בעמ - ירושלים-תלפיות סניף 49,123,גליס 9 צומת סגולה,NULL,"האומן 17 אזה""""ת תלפיות",מייל בירור הזמנות,פתח תקווה
50650,בוריס מטבחים,103,יחזקאל 10,NULL,רח' יחזקאל 10,נטלי מלכא,ירושלים
50422,תומי עיצובים ( לא פעיל),109,החרושת 16,NULL,החרושת 16,ת.מ.,רעננה
50219,טל- גולן שווק מוצרי בניה ותעשיה בעמ,109,ת.ד 1823,1411702,-,טל גולן ת.משלוח,טבריה
50114,ג.ע הכל לבניין בעמ,109,זבוטינסקי 88,5130803,זבוטינסקי 88,NULL,בני ברק
50116,גבריאלי משיח בעמ,109,לזרוב 27,7565432,לזרוב 27,מישל,ראשון לציון
50024,או.מ.דיזיין קרמיקה בעמ,109,ת.ד 322,6094400,הבונים 9,מייל גיול,מושב בצרה
50149,הום  סנטר יפו,114,טוליפמן 7,NULL,שד ירושלים 31,NULL,ראשון לציון
50691,הרש ייבוא ושיווק קרמיקה בעמ,117,ת.ד 3389,44915,ת.ד 3389,בעל העסק,טירה
50680,טופז חומרי בנין בעמ (בת-ים),109,מנחם יקואל 4,NULL,מנחם יקואל 4,טופז גיול,בת ים
50140,הום  סנטר בארות יצחק,114,טוליפמן 7,NULL,-,NULL,ראשון לציון
50031,אזיקרי מונדיאל קרמיקה בעמ,103,ת.ד 4331,7514202,דרך בן צבי 43,NULL,ראשון לציון
50224,יעקב חרש בעמ -בני ברק,131,הבנאי 12,5885006,"לח""""י 25 ( מול דיזיין סנטר)",מייל הזמנות,חולון
50468,לקוחות מזדמנים מישל,107,לב הארץ,NULL,NULL,NULL,NULL
50712,שורמן שניר בעמ,109,משק 46,8549200,הזורע 10,גיול,מושב דקל
50677,לקוחות מזדמנים אדיר,107,NULL,NULL,-,NULL,NULL
50137,הום סנטר אשדוד,114,טוליפמן 7,NULL,האורגים א.ת קלה,"מייל תמ""ש",ראשון לציון
50377,קרמיקה בשאראת בהיג בעמ,130,ת.ד 924,16955,יפיע,"מייל תמ""ש",יפיע
50077,מולטי ריטייל גרופ בעמ - חולון סניף 18,123,גליס 9 צומת סגולה,NULL,מתחם פרופיט המרכבה פינת הקישור  א.ת,מייל בירור הזמנות,פתח תקווה
50017,אבי עלית השקעות בעמ,130,המלאכה 6,5881503,המלאכה 6,גיול,חולון
50111,בר עמי 1990 בעמ ( מישור אדומים),103,האומן 25- תלפיות,9342116,האומן 25- תלפיות,NULL,ירושלים
50663,סטודיו קרמיקה בעמ (סניף בית שמש),103,-,NULL,העמל 1,בן,NULL
50372,קרמיק דיפו (רמפה),113,ת.ד 2195,84874,משק 25 שדה עיזיהו,עמיר לוי,באר שבע
50289,משיח קרמיקה בעמ,109,לזרוב 27,75654,לזרוב 27,משיח גיול,ראשון לציון
50687,טוטאל דור בעמ,109,"אצ""ל 33",NULL,"אצ""ל 33",גיול,ראשון לציון
50253,מ. דוכי יבוא ושיווק (1975)(2009) בעמ - סכנין,110,ת.ד 1,30810,-,גיול,סכנין
50615,ארט אין מטבחים בעמ,109,המסגר 3,NULL,המסגר 3,ארט אין גיול,עין נקובא
50628,דיזנגוף 89 בעמ,107,דיזנגוף 89,NULL,דיזנגוף 89,בעלים,תל אביב
50174,הום סנטר בעמ (עפולה),114,טוליפמן 7,NULL,-,NULL,ראשון לציון
50047,מולטי ריטייל גרופ בעמ - בית שמש סניף 72,123,גליס 9 צומת סגולה,NULL,-,מייל בירור הזמנות,פתח תקווה
70001,דניאל סיטון,107,שמואל עזר 15 א',NULL,NULL,NULL,קרית אתא
50532,נגב קרמיקה -רפפורט פת,113,NULL,NULL,חיים סוטין 4,NULL,NULL
50063,המרכז לחומרי בנין אדר בעמ,130,ברקת 8,26518,ברקת 8,אדר ת.משלוח,נתניה
50021,אבן חן ריצופים בעמ,117,"""צה""""ל 39""",NULL,"צה""""ל 39",NULL,אשקלון
50288,משאבות הים האדום בעמ ח.פ (512344516),109,ת.ד 1331,NULL,אספקה לרח' אלטלנה 16 ראשון לציון,"עדי הנה""ח",אילת
50640,לה-גור יבוא ושיווק כלים סניטריים,117,בני ברמן 7,NULL,בני ברמן 7,אלי גור,נתניה
50164,הום  סנטר ערד,114,טוליפמן 7,NULL,הקנאים קניון ערד,NULL,ראשון לציון
50192,ז.י.א. אחים שרעבי בעמ,109,הרצל 116,7654044,הרצל 116,מייל תעודות משלוח,רחובות
70013,עדן נדל,107,משה בקר 25,NULL,NULL,NULL,ראשון לציון
50526,נגב קרמיקה רעננה,113,NULL,NULL,התעשיה 9,NULL,NULL
50059,מולטי ריטייל גרופ בעמ - מעלה אדומים סניף 64,123,גליס 9 צומת סגולה,NULL,דרך קדם 5,מייל בירור הזמנות,פתח תקווה
50129,האוזי משה בעמ,130,אצל 4,NULL,אצל 6,האוזי ת.משלוח,ראשון לציון
50040,מולטי ריטייל גרופ בעמ - נצרת סניף 42,123,גליס 9 צומת סגולה,NULL,דרך העמק 41,מייל בירור הזמנות,פתח תקווה
50157,הום  סנטר נצרת עילית,114,טוליפמן 7,NULL,א.ת ג' נצרת עילית הר יונה,NULL,ראשון לציון
50685,דוד בי שואורום בעמ,130,המשביר 5,NULL,המשביר 5,NULL,חולון
50531,נגב קרמיקה -עודפים פתח תקווה,113,NULL,NULL,חיים סוטין 4,NULL,NULL
50371,קרמיק דיפו (ראשון לציון  ),113,ת.ד 2195,NULL,רח' יצחק בן צבי 29,"תמ""ש",באר שבע
50365,קרמיק דיפו (אשקלון ),113,ת.ד 2195,84874,-,תמש,באר שבע
50626,קונקס קרמיקה בעמ,103,ת.ד 501,45863,כפר ברא,איש קשר,כפר ברא
50015,עוז קרמיקה בעמ,109,האומן 40 תלפיות,9342121,חרובית 24,"עוז תמ""ש יומיות",ירושלים
50070,מולטי ריטייל גרופ בעמ - תא - נמל סניף 68,123,גליס 9 צומת סגולה,NULL,יורדי הסירה,מחסן,פתח תקווה
50135,הום  סנטר אור יהודה,114,טוליפמן 7,NULL,המפעל 5,ת.מ.,ראשון לציון
50443,יעקב חרש בעמ -דימונה,113,הבנאי 12,NULL,הפועלים 64,מייל הזמנות,חולון
50409,שטרן קרמיקה,130,קבוץ גליות 23,33231,קבוץ גליות 23,רונן,חיפה
60649,נח ניב עמילות מכס בע,107,NULL,NULL,NULL,NULL,NULL
50033,אחים דאהוד,103,-,NULL,החשמונאים 33,NULL,קלקיליה
50102,בית הקרמיקה ו.מ.ב בעמ,130,האומן 18,99000,האומן,גיול,בית שמש
50139,הום  סנטר באר שבע,114,טוליפמן 7,NULL,"""מרכז ביג, דרך חברון""",NULL,ראשון לציון
50395,רחמים מיכאל ובניו בעמ,130,התחיה 24,NULL,התחיה 24,מייל גיול,תל אביב
50204,חן ניסים חומרי בניין - קרמיקה בעמ,109,"רמב""ם 26",3850168,האומן 8,NULL,חדרה
50236,י.ע.ר אינסטלציה סחר ר.צ בעמ,130,ת.ד 49244,61492,כביש תל גיבורים 9,יוגב,תל אביב
50133,הום  סנטר  יגאל אלון 54,114,טוליפמן 7,NULL,יגאל אלון מתחם שמי בר,NULL,ראשון לציון
50338,ענתבי קרמיקה בעמ,109,סחרוב 8,NULL,סחרוב 8,הזמנה לא תקינה,ראשון לציון
50046,מולטי ריטייל גרופ בעמ - בש סניף 58,123,גליס 9 צומת סגולה,NULL,דרך חברון 58,מייל בירור הזמנות,פתח תקווה
50126,דינאמיקה סכנין בעמ,109,ת.ד 54,3081000,-,NULL,סכנין
50513,הום  סנטר פסגת זאב,114,טוליפמן 7,NULL,שד משה דיין 106,NULL,ראשון לציון
50679,תכלת א. בעמ,109,"מצודת בית""ר 8",NULL,"מצודת בית""ר 8",גיול,בת - ים
50367,קרמיק דיפו (בילו סנטר ),113,ת.ד 2195,84874,-,קליטת הזמנות,באר שבע
50245,כורש סנטר מוצרי בנין ובית בעמ,103,יפת 182,ת.ד. 41167,יפת 182,NULL,יפו
50295,נוי קרמיקה באר שבע,117,-,NULL,-,גיול,-
50716,כדורי עופר,103,דנמרק 101,NULL,דנמרק 101,NULL,פתח תקווה
50349,פריד מאיר (רמלה),109,היצירה 8,72101,היצירה 8,הזמנה לא תקינה,רמלה
50048,מולטי ריטייל גרופ בעמ - גן שמואל סניף 55,123,גליס 9 צומת סגולה,NULL,גן שמואל,מחסן,פתח תקווה
50603,מולטי ריטייל גרופ בעמ - בית שאן סניף 17,123,גליס 9 צומת סגולה,NULL,העמל 7,מייל בירור הזמנות,פתח תקווה
50566,קרמיק דיפו (בית שמש ),113,ת.ד 2195,NULL,האומן 3,קליטת הזמנות,באר שבע
50517,ויה ארקדיה רעננה,120,NULL,NULL,החרושת 5,NULL,NULL
50229,יעקב חרש בעמ -חדרה,131,הבנאי 12,NULL,המתכת 2,"מייל תמ""ש",חולון
50630,הום סנטר דימונה,114,טוליפמן 7,NULL,קניון מפרץ סנטר,NULL,ראשון לציון
50682,ס.ר.ס קרמיקה בעמ,109,ת.ד 21070,1784016,-,מייל גיול,נצרת עלית
50617,ע.א. חומרי בניין,109,מנחם בגין 25,NULL,שמעיה 19,ע.א ת.משלוח,פתח תקוה
50072,מולטי ריטייל גרופ בעמ - ראשלצ סניף 41,123,גליס 9 צומת סגולה,NULL,ילדי טהרן 5,מייל בירור הזמנות,פתח תקווה
50358,קהלני קרמיקה בעמ,117,מרדכי פופל 7 גני אסתר,75355,מרדכי פופל 7 גני אסתר,NULL,ראשון לציון
50704,אליאור שירותי התקנות,123,NULL,NULL,סטרומה 2,NULL,NULL
50160,הום  סנטר עד הלום,114,טוליפמן 7,NULL,-,מייל מנהל,ראשון לציון
50584,36 השקעות ופיתוחים בעמ,103,ת.ד 1451,NULL,הזורע 8,36 השקעות גיול,עומר
50653,הום סנטר - גן שמואל,114,טוליפמן 7,NULL,כביש 65,NULL,ראשון לציון
50397,רצף תעשיות מוצרי בניה בעמ,113,ת.ד 10287,NULL,מילואות כפר מסריק,זהבה,מפרץ חיפה
50323,עדי קרמיקה (אשדוד),109,מצדה 107/3),NULL,העבודה 44 ( לדואר מצדה 107/3אשדוד),NULL,אשדוד
50581,קרמיקה שופ י.ר.ג בעמ,109,העבודה 45,NULL,העבודה 45,בעל העסק,אשדוד
50493,לקוחות משרד סרחאן,107,NULL,NULL,NULL,NULL,NULL
50385,קרמיקה סולטני,130,רח סולטני 60 ת.ד 2073,49940,רח סולטני 60 ת.ד 2073,"תמ""ש",כפר קאסם
50633,סטודיו קרמיקה מואסי,103,באקה אלגרבייה,NULL,באקה אלגרבייה 30/100,NULL,באקה אלגרבייה
50042,מולטי ריטייל גרופ בעמ - ק.אתא סניף 34,123,-,NULL,מתחם ביג צומת חוצות,מייל בירור הזמנות,-
50121,גת תל אביב קרמיקה חומרי בנין 2000 בעמ,109,ישראל מסלנט 50,6617241,ישראל מסלנט 50,מייל תעודות משלוח,תל אביב
50312,סטודיו קרמיקה בעמ,123,(ת.ד 971),6085001,השקד 11,מייל נתן,שוהם
50153,הום  סנטר מגדל העמק,114,טוליפמן 7,NULL,-,NULL,ראשון לציון
50384,המרכז הקרמיקה מואסי נ.מ 2004 בעמ,109,ת.ד 32,30100,באקה אל גרביה,תעודת משלוח,באקה אל גרביה
50050,אבנגרד בעמ,109,משה יתום 28,NULL,משה יתום 28,NULL,רחובות
50574,קרמיק סיטי שיווק בעמ-עסקאות,117,ת.ד 136,90380,הברוש 2 בית נקופה,NULL,מושב בית נקופה
50520,סופר קרמיק בילו,120,NULL,NULL,צומת בילו,NULL,NULL
50168,הום  סנטר רמלה,114,טוליפמן 7,NULL,היצירה 10,NULL,ראשון לציון
50505,סטיילס אוהד בעמ,130,אלכסנדר ינאי 26,NULL,אלכסנדר ינאי 26,אוהד רצאבי,פתח תקוה
50369,קרמיק דיפו (ירושלים ),113,ת.ד 2195,NULL,הסדנא 10,א.שגיא,באר שבע
50235,י.מ.שיווק,103,הציונות 37/4,58514,הציונות 37/4,NULL,חולון
50130,האמבט נתניה בעמ,117,שמואל הנציב 28,4228132,שמואל הנציב 28,מייל תעודות משלוח,נתניה
50354,צוקר קרמיקה בעמ,103,"""צה""""ל מול מכבי אש""",38135,מוהליבר 4,NULL,ת.ד 3633 חדרה
50181,הום קרמיקה,117,האורגים 8,NULL,האורגים 8,NULL,א.ת חולון
50159,הום  סנטר נתניה,114,טוליפמן 7,NULL,האורזים 4 א.ת צפון,NULL,ראשון לציון
50150,הום  סנטר כפר סבא,114,טוליפמן 7,NULL,עתיר ידע 1,NULL,ראשון לציון
50419,שרה קרמיקה,109,א.ת צפוני ביתן 3,NULL,א.ת צפוני ביתן 3,NULL,אשקלון
50398,רצפבהט מרצפות ומוצרי מלט בעמ 2008,109,האורג 17 א.ת הישן,NULL,האורג 17 א.ת הישן,מייל גיול,נתניה
50476,לקוחות מזדמנים-יפעת,107,NULL,NULL,NULL,NULL,NULL
50049,מולטי ריטייל גרופ בעמ - דימונה סניף 40,123,גליס 9 צומת סגולה,NULL,-,מחסן,פתח תקווה
50622,שעל סנטר אשדוד {2001} בעמ,109,העבודה 11,NULL,העבודה 11,איש קשר,אשדוד
50719,אפולו כלי עבודה בעמ,109,ת.ד 18,4310001,"היסמין 2, א.ת אריאל מערב",גיול,רעננה
50669,היבואן י.ש. בעמ (סניף ירושלים),109,הפלס 5,8489205,רח' הסדנא 10,קליטת הזמנות יומית,באר שבע
50270,מחסן הקרמיקה,113,בר כוכבא 36,NULL,בר כוכבא 36,NULL,פתח תקווה
50128,עדיגל {1989} בעמ,109,רוזנסקי 6 א.ת חדש,75706,רוזנסקי 6 א.ת חדש,מייל גיול,ראשון לציון
50328,מולטי ריטייל גרופ בעמ - א.אינטרנט סניף 6,123,ספיר 1,7570460,ספיר 1,גיול,ראשון לציון
50163,הום  סנטר עקרון,114,טוליפמן 7,NULL,א.ת חדש,NULL,ראשון לציון
50599,חזי בנק דיזיין בעמ,109,סמטת התבור 2,NULL,סמטת התבור 2,איש קשר,פתח תקוווה
50619,טי.אל.וי 88 בעמ,103,הירקון 88,NULL,בוגרשוב 3,בעלים,תל אביב
50569,בני הורביץ בעמ,103,"לח""י 52",NULL,"לח""י 52",בעל עסק,תל אביב
50272,מטבחי מנהטן בעמ,103,"""הרא""""ה 7""",NULL,"""הרא""""ה 7""",NULL,רמת גן
50391,ראי קרמיקה - יחזקאל אבי,109,לחי 27,NULL,הלחי 27,NULL,בני ברק
50401,ש.י אינסטלציה ותשתיות שמאי בעמ,117,(ת.ד 4683),17000,הצורף 1 א.ת,NULL,נצרת עילית
50179,הום סנטר(עשה זאת בעצמך )בעמ 421-15078-00,114,טוליפמן 7,NULL,טוליפמן 7,NULL,ראשון לציון
50418,שמואל מאיר ובניו סחר בעמ,103,( ת.ד 1028),18110,החרט 5,NULL,עפולה עילית
50612,קיסר אלומניום,107,המעגל 56,NULL,המעגל 56,NULL,קריית אונו
50337,עמרני חומרי בניין בעמ,109,הנצח 2,NULL,הנצח 2,גיול,רמת השרון
50572,א.ג. תעשיות מטבחים,103,שיזף 3 דירה 25,NULL,העמל 4,בעל עסק,אור יהודה
50322,עדי מרכז לשיווק קרמיקות וכלים סנטרים בעמ,117,המלאכה 10 קרית אתגרים א.ת א,NULL,המלאכה 10 קרית אתגרים א.ת א,NULL,רעננה
50112,ברזים סי.או.אי.אל. בעמ,109,בן ציון גליס 18 חנות 3,NULL,בן ציון גליס 18 חנות 3,אסף,פתח תקווה
50254,מ. דוכי יבוא ושיווק (1975)(2009) בעמ (סכנין) - לא פעיל,109,ת.ד 1,30810,-,NULL,סכנין
50230,יעקב חרש בעמ -חיפה,131,הבנאי 12,NULL,הנפח 28 א צ'ק פוסט,"מייל תמ""ש",חולון
50380,קרמיקה ושיש אחשיבון,109,ת.ד 608,16930,כביש ראשי מול תחנת דלק פז,NULL,כפר כנא
50240,יונס בסיס,109,ת.ד 3162,30056,-,ת.מ.,דלית אל כרמל
50608,מלדן עיצובים 2009 בעמ,117,השקד 15,NULL,ויצמן 3,איש קשר,נתניה
50580,סופר קרמיק ירושלים,120,NULL,NULL,האומן 28,NULL,NULL
50172,הום סנטר אישפור סנטרמודיעין,114,טוליפמן 7,NULL,-,NULL,ראשון לציון
50718,כדורי ערן,103,הניגונים 17,NULL,הניגונים 17,NULL,פתח תקווה
50185,הלפרין גרניט פורצלן בעמ,103,ששת הימים 10,5120229,יצחק גולדברג 1 - מרכז קניאל,מייל גיול,בני ברק
50100,בי.איי.טי.או. חברה למסחר בעמ,117,גיסין 13,NULL,גיסין 13,NULL,פתח תקווה
50668,היבואן י.ש. בעמ (סניף אשדוד),109,הפלס 5,8489205,רחוב האורגים 2,"תמ""ש",באר שבע
50690,אול אין הום בעמ,110,-,NULL,עבד אלקרים,"מייל תמ""ש חתומות",כפר קאסם
50241,יוסקה בלוקים בעמ,109,שתולים 60,NULL,שתולים 60,דודי,תל אביב שכונת עזרא
50244,כוורת חומרי בניין בעמ,109,ת.ד 8109,42293,הבונים 17 א. תעשיה חדש,כוורת ת.משלוח,נתניה
50005,אליאב עיצובים בעמ,130,א.ת  המגן 1,7683301,א.ת  המגן 1,"מייל תמ""ש חתומות",מזכרת בתיה
50611,יעקב חרש בעמ -פת,131,הבנאי 12,NULL,בן ציון גליס 15,"מייל תמ""ש",חולון
50210,טופז קרמיקה -יפו בת ים,109,מנחם יקואל 4,NULL,מנחם יקואל 4,טופז גיול,בת ים
50575,מולטי ריטייל גרופ בעמ - טבריה סניף 23,123,גליס 9 צומת סגולה,NULL,יהודה הלוי 1,מחסן,פתח תקווה
50166,הום  סנטר קרית שמונה,114,טוליפמן 7,NULL,-,NULL,ראשון לציון
50084,אלומיניום גבעתיים,103,כורזין 5,53583,כורזין 5,NULL,גבעתיים
50165,הום  סנטר קרית גת,114,טוליפמן 7,NULL,הרימון 49,NULL,ראשון לציון
50000,אחים לוי - יבואני קרמיקה בעמ,130,ת.ד 170 א.ת חבל  מודיעין,7319900,א.ת. שהם ת.ד. 170,הזמנה לא תקינה,מודיעין
50124,דור וצורי בעמ,109,המכבים 116,5122578,המכבים 116,"מייל תמ""ש חתומות",בני ברק
50190,ויה ארקדיה- פרוייקטים,120,יצחק בן צבי 30,7563330,דרך בן צבי 30,מירי,ראשון לציון
50455,לקוחות מזדמנים-דקל,107,NULL,NULL,סניטק לב הארץ,NULL,NULL
50346,פריד מאיר (בני ברק),103,היצירה 8,NULL,נועם אלימלך 2 בני ברק,שמואל,רמלה
50620,יעקב חרש בעמ - מרכז,131,המרכבה 8,5885021,המרכבה 8,חרש,חולון
50155,הום  סנטר מעלות,114,טוליפמן 7,NULL,א.ת,NULL,ראשון לציון
50110,בר עמי 1990 בעמ,109,האומן 25 -תלפיות,9342116,האומן 25 -תלפיות,סטטוס הזמנות,ירושלים
50010,א.נ. ריאן ובניו יבוא ושווק  בעמ,130,2020,2496300,2020,ת.מ.,כאבול
50594,מולטי ריטייל גרופ בעמ - נמל נובה,123,גליס 9 צומת סגולה,NULL,יריד המזרח,NULL,פתח תקווה
50282,מרכז המקלחונים,109,היוצרים 2,4442702,44286,מייל גיול,כפר סבא
50709,אברהם קראדי ובניו בעמ,109,ההדס 23,3060000,ההדס 23,גיול,אור עקיבא
50642,הוברמן גיל,130,כנרת 30,NULL,כנרת 30,גיל,שערי תקווה
50595,אביטל דיזיין-הבוטיק לעיצוב הבית,109,יצחק בן צבי 41,NULL,יצחק בן צבי 41,בעל העסק,ראשון לציון
50085,אלינור קרמיקה ועיצובים,103,לוחמי הגטאות 35,2244742,לוחמי הגטאות 35,NULL,נהריה
50634,המשולש לקרמיקה ושיש {1998} בעמ,109,ת.ד 2153,30010,אום אל פחם,"מייל תמ""ש",א.א פחם
50300,סאיג ובניו בעמ,109,( ת.ד 10727),NULL,דרך שפרעם 1029,מייל תעודות משלוח,נצרת
60667,אלישבע מואטי,107,עמק רפאים 60/7,NULL,NULL,NULL,ירושלים
50466,לקוחות מזדמנים-דודי,107,NULL,NULL,NULL,NULL,NULL
50578,א.ד שפע קרמיקה בעמ - סניף מפרץ חיפה,109,אסרף אברהם  רח ההגנה 7/6,NULL,חלוצי התעשיה 35,NULL,קרית ביאליק
50567,א.בן יהודה תעשייה ממוחשבת בעמ,123,שוהם 1 דירה 31,7030000,אזור תעשיה עמנואל,"בן יהודה תמ""ש",באר יעקב
50606,רנסנס יבוא ושווק מוצרי בניה בעמ,103,אהוד קינמון 18 ת.ד 4046,NULL,אהוד קינמון 18,NULL,בת ים
50550,משרד מכירות קרמיקה בש,123,הרצל 5,NULL,הרצל 5,בעלים,באר שבע
50646,בוטיק קרמיק בעמ,109,סוקלוב 86,NULL,סוקלוב 86,גיול,רמת השרון
50368,קרמיק דיפו (חשבון מרכז ),113,ת.ד 2195,84874,באר שבע,קרמיק ת.משלוח,באר שבע
50119,גלריה לקרמיקה,109,ת.ד 222 יקנעם עילית,2069203,-,"מייל תמ""ש חתומות",יקנעם עילית
50261,מודי יבוא ושווק קרמיקה בעמ (מרכז),109,הלחי 31,51200,-,תעודת משלוח,בני ברק
50533,נגב קרמיקה -בילו עודפים,113,NULL,NULL,צומת בילו,NULL,NULL
50292,נאסר אחסאן קרמיקה,117,ת.ד 3389,44915,טירה,NULL,טירה
50142,הום  סנטר בת -ים,114,טוליפמן 7,NULL,עמל 11,NULL,ראשון לציון
50711,ב.ה קרמיקה וחומרי בניין בעמ,109,מרדכי פופר 7,NULL,משה בקר 3,תמש,ראשון לציון
50501,היפר רוזנפלד ש.מ 2012 בעמ,123,בן ציון גליס 32,49145,בן ציון גליס 32,איש קשר,פתח תקוה
50519,סופר קרמיק רמת גן,120,NULL,NULL,הלחי 17,NULL,NULL
50510,היב קרמיקה בעמ,109,התעשיה 51,NULL,התעשיה 51,איש קשר,נשר
50250,לילו וטורי בעמ,109,הפלדה 12,ת.ד 2194,הפלדה 12,לילו ת.משלוח,עמק שרה באר שבע
50362,קמירקה בעמ,109,ת.ד 13751,NULL,פנקס 14,רפי,נתניה
50339,עפיף אבו עסבה,109,ת.ד 823,30091,-,NULL,כפר ג'ת המשולש
50602,סירינסטון בעמ,117,באקה אלגרבייה,NULL,באקה אלגרבייה 30/100,איש קשר,באקה אלגרבייה
50529,נגב קרמיקה באר שבע,113,NULL,NULL,הפועלים 21,NULL,NULL
50234,י.זהבי חרושת מרצפות בעמ,103,פלוטיצקי 12,NULL,פלוטיצקי 12,זהבי גיול,ראשלצ
50587,מולטי ריטייל גרופ בעמ - עכו סניף 19,123,גליס 9 צומת סגולה,NULL,שלום הגליל 1,מחסן,פתח תקווה
50099,בזלת דנילוף מוצרי בנייה 99 בעמ,109,"יהודה הלוי 12, אזור התעשיה",1424636,שדרות הרצל 1,מייל שני,טבריה
50213,טורקיז י.ג בעמ,103,ת.ד 261,3601102,-,"מייל תמ""ש",קרית טבעון
50573,בוגיז דיזייןבעמ,103,דרך בית לחם 9,NULL,דרך בית לחם 9,בעל העסק,ירושלים
50661,ע.ד.י.ד (2013) עיצובים בעמ,103,ישוב דאלית אל כרמל,3005600,-,מייל גיול,דאלית אל כרמל
70004,אלרועי,107,השלושה 37,NULL,NULL,NULL,כפר מעש
50326,עולם הקרמיקה,103,ת.ד 59,NULL,אזור תעשייה ק. מלאכי,גיול,קרית מלאכי
50169,הום  סנטר רעננה,114,טוליפמן 7,NULL,המלאכה 2 קניון רננים,NULL,ראשון לציון
50540,רועי- מתקינים-צ'יק צ'ק (חיוב מתקין),128,נוטע 52/5,NULL,-,NULL,תל מונד
50515,ויה ארקדיה ראשון לציון,120,NULL,NULL,הלחי 4,NULL,NULL
50232,י.א בראור בעמ,117,שכטרמן 17,NULL,שכטרמן 17,מייל תעודות משלוח,נתניה
50263,מודי יבוא ושווק קרמיקה בעמ,111,הלחי 31,NULL,מרכז לוגיסטי מודי,NULL,בני ברק
50340,פורצלנו יבוא ושווק פורצלן ושיש בעמ,103,אהליאב 3 רוממה,NULL,אהליאב 3 רוממה,מייל גיול,ירושלים
50226,יעקב חרש בעמ -ירושלים,131,הבנאי 12,NULL,התעשייה 4 (תלפיות),מייל הזמנות,חולון
50392,רב אריח קרמיקה ורצוף(משפ' סרבניק),109,רב עקיבא 14/15,NULL,אבנר נזר 26,תעודות משלוח יומיות,מודיעין עילית
50514,נגב הום דיזיין בעמ,113,יצחק בן צבי 30,NULL,יצחק בן צבי 30,רינת רכש,"ראשל""צ"
70002,בורשטיין נעמי,107,יונה 16,NULL,NULL,NULL,פתח תקוה
50598,א.ח טאפס בעמ,109,הרצל 21,NULL,הרצל 21,תעודת משלוח,יהוד
50214,טיב הקרמיקה בעמ **לא פעיל**,109,יעקוב 9 רחובות,7626212,בעלי המלאכה,NULL,רחובות
50373,קרמיקה אבו עומר,130,ת.ד 714,16955,יפיע,הזמנה לא תקינה,יפיע
50421,שרלי חומרי בנין בעמ,130,ת.ד 27409,68081,"לח""י 52",1,תל אביב יפו
50370,קרמיק דיפו (סגולה פתח תקווה ),113,ת.ד 2195,NULL,בן ציון גליס 8 סגולה פתח תקווה,קליטת הזמנות,באר שבע
50228,י. חרש בעמ מרכז -פרוייקט,131,הבנאי 12,NULL,הבנאי 12,NULL,חולון
50667,סטודיו קרמיקה בעמ סניף ראשלצ,103,NULL,NULL,"רח' אצ""ל 53",NULL,NULL
50436,בן פורת יבואנים,109,כנפי נשרים 3 גבעת שאול,NULL,כנפי נשרים 3 גבעת שאול,"מייל תמ""ש",ירושלים
50524,נגב קרמיקה חיפה,113,NULL,NULL,מקלף 55,NULL,NULL
50013,א.צ מחסני קרמיקה בעמ,130,המעפילים 4 א.ת ק.אתא,2822862,המעפילים 4 א.ת ק.אתא,גיול,קרית אתא
50284,מרכז הקרמיקה פולינוי בעמ (מחסן ),117,הרצל 118,NULL,"אדום 6, א.ת. כנות",רוני,רמלה
50629,אליאב עיצובים בעמ(עסקאות),103,א.ת  המגן 1,76804,א.ת  המגן 1,"מייל תמ""ש",מזכרת בתיה
50267,מועדי בית הקרמיקה בעמ,130,ת.ד 313,24967,ת.ד 313,אחלם,כפר ירכא
50605,נאסר אחסאן הירש בעמ,117,ת.ד 3389,44915,טירה,NULL,טירה
50106,מרכז הבניין והקרמיקה בן חיים בעמ,109,ת.ד 671,1171501,א.ת הצפוני רחוב החרמש 1,דוח קריאות שירות,בית שאן
50701,א.ס מלודי השקעות,109,משה אביב 10,6037132,משה אביב 10,גיול,אור יהודה
50647,מולטי ריטייל גרופ בעמ - עין שמר סניף 24,123,גליס 9 צומת סגולה,NULL,-,מייל בירור הזמנות,פתח תקווה
50321,עבוד באסל,109,ת.ד 134,16000,-,NULL,נצרת
50184,(לא פעיל)הכח בימס לחומרי בניין ואינסטלציה סינטרית,109,דרך מנחם בגין 26,6618207,דרך מנחם בגין 26,סטטוס הזמנה,תל אביב
50593,מולטי ריטייל גרופ בעמ - בני ברק  סניף  26,123,גליס 9 צומת סגולה,NULL,מבצע קדש 54,מייל בירור הזמנות,פתח תקווה
50211,ספיר קרמיקה בת- ים,103,מצודת ביתר 3,5959232,מצודת ביתר 3,NULL,בת ים
50516,ויה ארקדיה רמת גן,120,NULL,NULL,הלחי 7,NULL,NULL
50553,צבעי השיש,103,החריש 20,NULL,החריש 20,בעל עסק,עמק חפר
50558,מ.שאולוף ובניו  בעמ( גבעת שאול)-עסקאות,117,ת.ד. 5116,91050,אלקבץ 30,NULL,ירושלים ג.שאול
50539,ח.י עשוש קרמיקה בעמ,109,החלוץ 4,NULL,החלוץ 4,גיול,אשקלון
50534,נגב קרמיקה נתניה,113,NULL,NULL,בני גאון 9,NULL,NULL
50693,קרמיק ארט,109,יגאל אלון 24,NULL,יגאל אלון 24,גיול,בית שמש
50256,מ.שאולוף ובניו  בעמ( גבעת שאול),109,אלקבץ 30 ג.שאול,91050,אלקבץ 30 ג.שאול,מייל גיול,ירושלים
50507,אמבט לי,109,האומנות 20,NULL,האומנות 20,זיו,נתניה
50386,קרמיקה סעד בעמ,103,ת.ד 193,NULL,כביש ראשי יפיע,NULL,נצרת
50546,מולטי ריטייל גרופ בעמ - כרמיאל סניף  38,123,גליס 9 צומת סגולה,NULL,חרושת 27,איש קשר,פתח תקווה
50402,ש.י.ב שיווק ח.בניין בעמ,109,"""ד""""ר ארליך 4""",68098,"""ד""""ר ארליך 4""","מייל תמ""ש",יפו
50364,קרמיק דיזיין,109,( ת.ד 5126),87761,"""ד""""ר סמילו יוסף 51 """,מאיר,נתיבות
50173,הום סנטר בעמ - חולון מול חצי חינם,114,טוליפמן 7,NULL,רח' הרוקמים,NULL,ראשון לציון
50052,מולטי ריטייל גרופ בעמ - חיפה חוצות המפרץ סניף 52,123,גליס 9 צומת סגולה,NULL,החרושת צומת וולקן,מייל בירור הזמנות,פתח תקווה
50556,סיראמיק דיזיין ב.א לעיצוב הבית בעמ -סניף אפק,109,ת.ד 384,48810,כפר קאסם מחסן 6,1,כפר  קאסם
50394,רון קרמיקה בעמ,109,ת.ד 2271,38121,ירושלים 105 ת.ד 2271,מייל תעודות משלוח,חדרה
50058,אסף ברזים ואינסטלציה בעמ ( מרכז השרון),103,סוקולוב 93,4723904,סוקולוב 93,שלום סולומון,רמת השרון
50045,מולטי ריטייל גרופ בעמ - אשקלון סניף 61,123,גליס 9 צומת סגולה,NULL,פאוור סנטר צומת סילבר,מייל בירור הזמנות,פתח תקווה
50551,הום סנטר ירכה,114,טוליפמן 7,NULL,-,NULL,ראשון לציון
50484,לקוחות מזדמנים שלומי,107,NULL,NULL,התאנה 2,NULL,NULL
50068,מולטי ריטייל גרופ בעמ - שדרות סניף 48,123,גליס 9 צומת סגולה,NULL,סמטת הפלדה 5,מחסן,פתח תקווה
50635,אלי אסולין קרמיקה בעמ,103,משה שרת 10,NULL,משה שרת 10,גיול חובות,ראשון לציון
50298,ס.א.נ  צנרת וקרמיקה בעמ,117,ת.ד 483,NULL,כצנלסון 8,רונן,אשקלון
50425,ש.ד שוהם קרמיקה בעמ,109,הנפח 14,NULL,הנפח 14,"מייל תמ""ש",חיפה
50271,ג.א. קרמיקה ייבוא קרמיקה,109,ת.ד 182,NULL,העבודה 45,NULL,אשדוד
70019,סהר רחל ופנחס,107,יצחק ולד 49,NULL,לא ידוע,אבישג,"ראשל""צ"
50158,הום  סנטר נתיבות,114,טוליפמן 7,NULL,בעלי המלאכה 203,NULL,ראשון לציון
50064,מולטי ריטייל גרופ בעמ - רגבה מרכז ביג סניף 73,123,גליס 9 צומת סגולה,NULL,-,מחסן,פתח תקווה
50125,דור קרמיקה,117,מגרשי התערוכה הישנים,NULL,-,NULL,תל אביב
50597,סופר קרמיק ראשון לציון,120,NULL,NULL,בן צבי 43,NULL,NULL
50075,מולטי ריטייל גרופ בעמ - כס סניף 32,123,גליס 9 צומת סגולה,NULL,ויצמן 301,מייל בירור הזמנות,פתח תקווה
50167,הום  סנטר רז מלחה,114,טוליפמן 7,NULL,קניון ירושלים,NULL,ראשון לציון
50225,יעקב חרש בעמ  -פרוייקטים,131,המרכבה 10,5885021,המרכבה,דוח סטטוס יומי,חולון
50222,יעקב חרש בעמ - אשדוד,131,הבנאי 12,NULL,-,מייל הזמנות,חולון
50170,הום  סנטר תל חנן נשר,114,טוליפמן 7,NULL,דרך בר יהודה 147,NULL,ראשון לציון
50175,הום סנטר זכרון יעקב,114,טוליפמן 7,NULL,-,NULL,ראשון לציון
50518,סופר קרמיק פתח תקווה,120,NULL,NULL,אלכסנדר ינאי 26,NULL,NULL
50123,דונטלו ל.י.י.ב בעמ,109,דרך הים 11/36 גני תקווה,5591217,אלכסנדר ינאי 5,"מייל תמ""ש",גני תקווה
50771,מור לוי התקנות,103,סטרומה 2,7553234,סטרומה 2,NULL,ראשון לציון
50577,חרסינה,123,ת.ד 1162,16910,העבודה 3,בעלים,דבוריה
70005,שמחון אוחנה,107,-,NULL,NULL,NULL,-
50132,הדר קרמיקה,123,האומנות 20 א.ת דרום,4250449,האומנות 20 א.ת דרום,הזמנות,נתניה
70011,אורן גיבר,107,אבנר בן נר 10,NULL,NULL,NULL,נס ציונה
50527,נגב קרמיקה ירושלים,113,NULL,NULL,הסדנא 11,NULL,NULL
50607,מולטי ריטייל גרופ בעמ - נתיבות סניף 37,123,גליס 9 צומת סגולה,NULL,צים סנטר,מחסן,פתח תקווה
50003,ש.ד.י ברזים וקרמיקה,109,טוליפמן 2,7536402,טוליפמן 2,"מייל תמ""ש",ראשון לציון
50054,מולטי ריטייל גרופ בעמ - יהוד סניף 50,123,גליס 9 צומת סגולה,NULL,"צומת הטייסים, מרכז מסחרי",מייל בירור הזמנות,פתח תקווה
50156,הום  סנטר נצרת,114,טוליפמן 7,NULL,דרך החטיבות קניון לב העיר,NULL,ראשון לציון
50481,יעקב הכהן,107,חיים שירמן 3,NULL,NULL,NULL,באר שבע
70050,אלמוג כדאי,125,NULL,NULL,NULL,NULL,NULL
